Timestamp,Close,High,Low,Open,Volume
1558915200,8653.01142238,8660.0,8607.30306214,8616.50275214,20803.49827159
1558915500,8689.54560488,8729.09160372,8653.81505023,8653.81505024,122780.29075882
1558915800,8682.08523206,8698.57859279,8658.14631965,8682.59535873,48788.81124678
1558916100,8733.17732538,8733.1773254,8699.99999996,8699.99999999,36294.41278335
1558916400,8811.8265738,8815.22593729,8734.00000001,8734.00000001,164608.48604918
1558916700,8770.0,8811.82657381,8742.79290054,8811.82657381,85899.48374334
1558917000,8736.04849981,8772.18606499,8736.04849981,8769.19446773,708503.88546931
1558917300,8760.95174824,8763.53442416,8733.02048917,8736.04849981,38667.44592706
1558917600,8772.18606509,8800.30255229,8760.95174824,8760.95174824,13935.41065836
1558917900,8762.1363761,8772.18606508,8744.30153413,8772.18606493,3166.60853369
1558918200,8753.39933594,8759.73953179,8753.39933594,8759.73953179,679.7834063
1558918500,8787.7996979,8787.79969791,8746.74000001,8746.74000001,113375.81553286
1558918800,8807.09734538,8830.0,8784.70760871,8784.70760872,93968.69230603
1558919100,8796.04673434,8809.99999999,8771.0,8809.99999999,72240.69378675
1558919400,8787.16816001,8809.40820263,8770.99999999,8784.33000009,50120.58038465
1558919700,8800.0,8809.84627518,8783.63200001,8788.29891624,4194.84257519
1558920000,8762.89999999,8800.0,8761.06540554,8800.0,56832.72980389
1558920300,8724.76864075,8765.84422623,8721.02086302,8758.91040324,58676.87558236
1558920600,8738.75453733,8738.75453733,8724.76864075,8724.76864075,82207.84490036
1558920900,8739.43214798,8744.97002528,8727.16228639,8743.73407031,26115.8090051
1558921200,8756.77320163,8773.69999986,8738.43720704,8740.18562819,88476.51207981
1558921500,8728.6182903,8771.29999981,8728.6182903,8771.29999981,35508.91563219
1558921800,8707.7996979,8733.09999999,8707.7996979,8733.09999999,27865.82475188
1558922100,8721.16543237,8721.16543237,8703.98694735,8708.69855837,15597.49429316
1558922400,8722.16152098,8739.79341971,8722.16152098,8732.23679172,8032.34158515
1558922700,8695.6560288,8724.49999974,8695.6560288,8724.49999974,26934.90064327
1558923000,8693.95358787,8699.99999999,8683.54478345,8693.8317099,26201.65944858
1558923300,8706.95613543,8719.082026,8692.85292035,8692.85292036,57291.92688724
1558923600,8653.20189596,8698.61811681,8642.60045871,8695.1101004,36264.34252158
1558923900,8659.16479129,8666.37371405,8636.05881822,8642.28722015,10256.34748122
1558924200,8628.50925284,8665.45392939,8611.17341022,8657.45967106,18559.56214636
1558924500,8609.0,8628.50062415,8588.38000082,8628.50062415,28770.66465778
1558924800,8641.0813692,8649.6819926,8592.13364327,8592.13364327,33302.83738277
1558925100,8642.0,8662.0,8641.08136919,8641.0813692,41667.8445809
1558925400,8639.77458924,8642.00000001,8639.77458924,8642.0,2930.32791
1558925700,8638.09377561,8638.09377561,8624.68165301,8637.21504996,7256.61565585
1558926000,8687.9911084,8687.9911084,8641.99999999,8642.0,6590.65387886
1558926300,8687.20462382,8688.01999983,8679.13816783,8688.01999982,7250.3717478
1558926600,8678.13402536,8700.0,8678.13402536,8688.02,14955.06650235
1558926900,8678.13402529,8700.16167572,8678.13402529,8679.9341043,66481.10007857
1558927200,8654.59903437,8678.0,8652.11310351,8677.94194764,35787.1737298
1558927500,8660.46365707,8664.9773996,8644.33543488,8664.97739929,65903.15936131
1558927800,8644.32697226,8661.99897953,8644.32697226,8661.99897953,26803.72008639
1558928100,8654.8625498,8664.97739995,8645.21747841,8652.12112194,5580.17446527
1558928400,8664.97739998,8664.97739998,8650.97739998,8652.57419439,356.03191126
1558928700,8640.83150467,8674.91814025,8640.83150467,8669.09719799,15873.22775704
1558929000,8647.78811451,8659.9089227,8640.83150467,8640.83150467,27954.39718418
1558929300,8664.34223703,8664.34223703,8646.45145207,8646.45145207,6246.17855783
1558929600,8674.00897248,8674.00897257,8661.78007875,8667.3588002,13244.77611298
1558929900,8667.52479139,8673.79800014,8667.52479139,8671.89924921,1175.59010327
1558930200,8670.19182055,8670.19182055,8658.90160244,8665.76898654,2581.62524956
1558930500,8655.4,8662.13330654,8653.39071362,8660.13330652,20162.82625038
1558930800,8652.1,8654.33965711,8640.33208165,8654.33965711,42446.61936432
1558931100,8630.5,8649.59994977,8609.04345601,8642.0,25765.18432523
1558931400,8608.25405378,8637.49287524,8608.20612254,8637.49287524,7777.84853909
1558931700,8620.68441689,8620.68441689,8597.01876182,8608.25405366,14182.88342431
1558932000,8637.34154551,8647.44167149,8609.31055636,8609.31055636,28731.94791799
1558932300,8639.10782929,8640.43415778,8636.4235138,8638.08095022,17573.64314011
1558932600,8651.33293398,8652.5582958,8635.59999999,8642.99999998,6089.85469561
1558932900,8632.7257158,8648.83850986,8625.26859931,8643.00000001,3235.92642636
1558933200,8631.27619649,8631.27619649,8614.57984032,8629.07584502,9470.98381361
1558933500,8625.93183126,8628.56470182,8623.23851054,8626.27455166,767.95854053
1558933800,8646.22062946,8649.16697057,8626.70504091,8626.93945731,11613.11577192
1558934100,8647.22,8649.22552161,8645.07298784,8649.14245251,7238.88153555
1558934400,8657.59727369,8658.42493827,8645.04215612,8645.04215612,1986.87706053
1558934700,8647.51293699,8656.52266183,8644.05531486,8656.52266183,6748.75190317
1558935000,8658.424938,8658.42493827,8655.28542457,8655.28542477,1644.21456357
1558935300,8674.00897248,8674.00897248,8656.19468328,8658.0924995,1288.72786856
1558935600,8654.14809101,8657.8283359,8654.0,8654.27373798,8702.92596511
1558935900,8650.0,8654.14809882,8648.84566511,8654.14809101,1722.52995802
1558936200,8640.39823011,8640.39823013,8640.3982301,8640.39823011,10051.63758357
1558936500,8640.3982301,8640.39823011,8639.87936914,8640.39823011,6989.51748741
1558936800,8647.07183219,8647.07183219,8640.3982301,8640.3982301,7333.535514
1558937100,8640.90186237,8640.90186237,8640.90186236,8640.90186236,14.73766298
1558937400,8658.0,8659.07896706,8638.85544889,8643.35681087,48463.61792496
1558937700,8669.38879558,8714.31678528,8659.99999998,8659.99999998,239364.00094792
1558938000,8688.87825193,8688.87825218,8669.38879558,8669.38879558,9219.96171952
1558938300,8686.05280536,8688.87825159,8683.93244245,8683.93244245,14922.23050634
1558938600,8684.55534978,8688.87825163,8678.18793475,8688.87824161,81122.66965656
1558938900,8671.96922828,8688.87825219,8671.85540201,8687.99999998,51739.23024191
1558939200,8669.38879558,8679.81879463,8669.38879558,8678.57882674,17369.25001209
1558939500,8670.36924158,8685.61616641,8669.38879558,8669.38879558,5892.46173551
1558939800,8677.98829701,8695.2231828,8670.00000011,8676.35699886,14389.80521055
1558940100,8677.98829704,8684.14494907,8677.69420949,8684.14494907,1193.44985547
1558940400,8700.0,8700.0,8680.44229157,8681.25695762,9835.36929575
1558940700,8705.1821799,8719.99999999,8699.76125088,8699.85902102,23803.74022698
1558941000,8720.0,8720.0,8696.30481219,8704.00000003,127376.44537689
1558941300,8724.52829079,8729.44256472,8720.0,8720.0,35887.0998274
1558941600,8710.24237874,8728.31833657,8698.26631189,8728.31833657,8609.90248976
1558941900,8718.32799999,8718.328,8712.21342343,8712.21342344,5191.02602776
1558942200,8710.11229162,8717.73069822,8710.11229162,8717.73069822,9560.22834497
1558942500,8695.90000001,8709.09053975,8695.20750006,8709.09053975,19169.46860667
1558942800,8698.62074848,8706.60666596,8698.62074848,8702.81181086,6032.16791253
1558943100,8700.0,8700.0,8697.65380696,8697.65380696,6491.19679083
1558943400,8706.62351663,8706.62351663,8700.0,8700.0,3449.32687479
1558943700,8705.5969997,8706.70261119,8695.20750005,8706.70261119,5250.65958576
1558944000,8674.11895869,8695.20750004,8673.0,8695.20750004,6494.87746123
1558944300,8675.00000005,8675.00000009,8666.16333326,8671.41100478,2217.66394065
1558944600,8654.58930329,8679.99999994,8653.84760807,8675.0,53721.55047061
1558944900,8634.29692392,8665.0,8634.29692392,8657.25894819,6029.98890345
1558945200,8659.25657798,8665.0,8636.25802022,8636.25802022,3023.24716587
1558945500,8665.0,8665.0,8613.73615208,8658.00341903,55636.46238151
1558945800,8684.67666126,8696.44625141,8670.21089225,8670.21089225,62526.17358229
1558946100,8661.81225917,8686.16845406,8643.83856538,8686.16845406,470158.47292502
1558946400,8664.22536109,8667.08746185,8660.40597322,8660.40597322,7340.17145675
1558946700,8661.90680899,8664.22536109,8661.90680899,8664.22536109,5447.43768717
1558947000,8648.18209607,8661.99999997,8646.38105336,8661.99999997,2882.98516472
1558947300,8641.57328469,8643.84849987,8641.0,8642.78972883,1785.18008743
1558947600,8654.29434426,8654.29434426,8641.44213552,8641.57328469,18903.52663322
1558947900,8674.39459389,8674.39459389,8654.29434425,8654.29434426,4472.34438607
1558948200,8672.4677475,8679.67019249,8670.96355948,8670.96355948,9189.26897924
1558948500,8676.83959012,8676.83959012,8668.82251614,8670.97469303,22378.78388415
1558948800,8678.06546431,8678.06546431,8669.62868549,8676.83959012,9101.59378878
1558949100,8673.47880097,8678.06546431,8666.15742232,8678.06546431,15010.94147801
1558949400,8695.2,8695.2,8678.99999999,8678.99999999,3662.00413277
1558949700,8689.98781608,8693.0,8688.27315784,8692.65695215,1117.19711662
1558950000,8669.00000001,8693.00000001,8660.5,8693.00000001,12214.44695947
1558950300,8662.25764093,8669.00000001,8662.25764093,8669.00000001,16563.80009196
1558950600,8660.7203992,8669.00000001,8659.84204802,8669.00000001,5750.06341869
1558950900,8681.89117046,8681.89117047,8664.43348925,8669.00000001,5800.17121846
1558951200,8686.10245528,8686.60000063,8662.50000115,8681.89117046,61977.44016217
1558951500,8677.10245528,8692.6118134,8677.10245528,8677.1024553,6277.95278642
1558951800,8657.7801791,8668.77849892,8657.7801791,8668.77849891,15399.7115758
1558952100,8673.99994499,8675.47369568,8655.28609753,8657.7801791,2746.89443877
1558952400,8673.00000001,8673.00000002,8666.45861315,8670.72343274,4606.29240777
1558952700,8671.55745623,8685.0159854,8671.55745623,8673.00000001,7599.68237471
1558953000,8682.38637709,8682.38637709,8677.0,8679.04063,972.52807113
1558953300,8678.59339412,8688.70000067,8678.59339412,8688.70000066,4068.62200967
1558953600,8688.53810686,8691.6206415,8678.67464207,8678.67464208,23698.3532236
1558953900,8693.99999904,8693.99999997,8688.53810686,8693.99999997,935.50444609
1558954200,8695.47377613,8700.0,8693.81163598,8693.99999999,13410.38605995
1558954500,8698.91949849,8700.0,8694.52380616,8700.0,6423.12893099
1558954800,8693.21088301,8699.0,8689.42173164,8699.0,896.10920948
1558955100,8697.99999997,8697.99999997,8690.00000021,8691.00000053,10667.2971628
1558955400,8690.0,8690.00000002,8690.0,8690.00000002,4914.3593279
1558955700,8670.80461533,8689.0,8650.40000087,8688.99999999,57816.0736751
1558956000,8650.40000088,8661.02787781,8650.40000087,8661.02787781,4780.40494338
1558956300,8668.44380771,8668.44380771,8650.40000087,8654.78653395,12334.81490182
1558956600,8673.15179902,8673.15179902,8660.61446736,8660.61446736,4508.8573591
1558956900,8660.61446739,8673.61446736,8660.61446739,8673.61446736,6789.67861036
1558957200,8677.33565954,8677.66637052,8665.26603691,8669.99999999,1706.85046906
1558957500,8689.02054536,8701.4514949,8677.58616006,8677.66637052,118263.51134912
1558957800,8680.00000059,8690.4398207,8680.00000005,8688.93574161,608.72504997
1558958100,8684.34403742,8687.0,8681.45128884,8687.0,2711.20477335
1558958400,8769.27104652,8771.11298542,8685.63468209,8685.63468209,33888.10559467
1558958700,8743.30000087,8774.03809687,8740.72373005,8774.03809687,29096.92139423
1558959000,8790.31685673,8790.31685673,8752.6406378,8758.33187317,12583.98007972
1558959300,8760.0,8796.80789518,8760.0,8793.10344827,6902.35964657
1558959600,8770.49952584,8773.89908936,8760.0,8760.00000123,3624.80566418
1558959900,8777.1990915,8777.19909152,8769.08580808,8769.08580809,2429.15055453
1558960200,8760.00000001,8777.19909142,8760.00000001,8777.19909142,8519.47995338
1558960500,8775.12239811,8777.19909164,8760.0,8769.999999,10496.73547254
1558960800,8750.0,8761.0,8743.000127,8761.0,13566.62696072
1558961100,8752.93468612,8752.93468613,8743.000127,8750.0,16396.74800275
1558961400,8749.99999988,8755.0,8743.000127,8744.50000062,10053.83599812
1558961700,8770.85819105,8776.0,8743.00012744,8743.00012744,8270.13924437
1558962000,8795.00739716,8799.99999992,8771.37237195,8776.0,16886.06063417
1558962300,8781.58360108,8799.89999969,8773.98358619,8795.00739716,22745.10705957
1558962600,8757.26278934,8787.6623381,8757.26278934,8784.45143313,59414.77745596
1558962900,8776.0,8776.0,8755.69637481,8757.36278936,16231.46123045
1558963200,8776.00000001,8786.00000086,8776.0,8776.0,3051.51791164
1558963500,8790.0,8790.0,8776.0,8779.63789111,348813.12825873
1558963800,8776.0,8790.00000001,8776.0,8790.0,443986.12136898
1558964100,8800.52266179,8800.52266181,8776.0,8776.0,42970.8596978
1558964400,8796.29939448,8800.52266181,8779.36552995,8800.52266179,178354.92348288
1558964700,8775.56589596,8794.52870272,8775.56589596,8789.10393221,26076.26073614
1558965000,8778.33978095,8784.89967512,8773.33571056,8775.56589596,25600.03914349
1558965300,8787.85688293,8789.40598088,8775.49372579,8778.33978095,30908.57202647
1558965600,8776.80379485,8784.9568825,8769.56076653,8777.56399114,25524.6439193
1558965900,8758.93409897,8776.80379485,8746.25688273,8776.80379485,14040.99090013
1558966200,8742.04137429,8768.22346773,8742.04137429,8753.14209591,36104.68949159
1558966500,8757.34228165,8757.34228165,8742.36297648,8742.36297648,3639.92282546
1558966800,8767.60564,8767.60564,8753.58634868,8757.15331693,19243.07929055
1558967100,8769.99999999,8770.0,8761.94037498,8767.43954762,5790.44953356
1558967400,8759.92134984,8769.99999999,8757.85060375,8769.99999999,5887.78550724
1558967700,8779.78589809,8779.78589809,8757.85060375,8757.85060375,3729.38515166
1558968000,8789.15682036,8789.15682036,8767.51232455,8779.96303456,13452.43877482
1558968300,8776.46260236,8787.41564611,8775.7,8779.96303456,14776.15689012
1558968600,8758.05438611,8789.96303457,8758.05438603,8786.40000031,15923.83717325
1558968900,8758.05438603,8768.0502373,8758.05438603,8758.05438616,18500.26838566
1558969200,8774.8787962,8775.56135398,8758.05438603,8758.05438604,22875.23620862
1558969500,8772.91581396,8778.85391086,8769.99999995,8769.99999995,2145.81368572
1558969800,8811.78407345,8839.0,8770.26529253,8770.26529253,150836.19547354
1558970100,8806.64355198,8827.0,8795.6,8826.99999889,63040.968626
1558970400,8813.41090097,8813.41090097,8802.0,8812.37702753,7758.05485763
1558970700,8800.93555616,8834.50111286,8800.93555616,8817.86490074,24552.12239483
1558971000,8804.08317743,8816.21510176,8804.08317743,8814.51735487,14940.00692095
1558971300,8843.61096801,8849.0,8800.70088884,8800.70088884,18078.53217817
1558971600,8861.883,8861.883,8830.65291297,8849.0,144047.76002019
1558971900,8842.64189561,8861.883,8829.59221741,8861.883,60140.41931958
1558972200,8844.0,8853.08355979,8841.93493074,8853.08355979,11665.38949725
1558972500,8797.60000089,8852.08314828,8797.60000089,8844.0,45975.45901261
1558972800,8821.21881292,8837.13542002,8797.6000009,8797.6000009,38247.80469944
1558973100,8828.22813725,8836.46625455,8828.2281372,8831.51675663,28217.30121318
1558973400,8861.65504084,8866.0,8829.93635854,8829.93635854,18339.18251088
1558973700,8843.93173076,8865.69086547,8843.93173076,8861.65504085,38262.71585998
1558974000,8847.29999922,8855.69086503,8835.22050697,8852.92113088,38844.88975397
1558974300,8867.73380749,8870.29938407,8847.29999922,8847.29999922,37111.03404534
1558974600,8888.15628452,8888.23689757,8859.74248002,8859.74248002,46626.88217341
1558974900,8872.07789868,8900.08580809,8866.02370566,8888.23689757,93125.10381929
1558975200,8718.8667042,8868.72266471,8607.87240079,8863.23800005,500621.63156267
1558975500,8692.30539378,8749.49999999,8621.05661419,8723.59927619,247956.75005424
1558975800,8685.98855234,8706.8630435,8624.76965341,8692.6338464,60592.18563734
1558976100,8635.00000002,8682.51415692,8635.00000002,8682.51415691,54471.14417213
1558976400,8676.49930723,8695.64904907,8633.9814894,8637.0,77239.02293922
1558976700,8714.57982015,8730.16947005,8678.44334652,8678.44334652,33032.71006329
1558977000,8700.0,8708.2760616,8688.00036392,8708.2760616,23193.49968793
1558977300,8678.16464728,8700.0,8662.28323587,8699.0,52070.43822586
1558977600,8694.3,8694.3,8665.14326239,8678.16464728,112286.28885971
1558977900,8690.0,8697.0,8677.03488916,8694.3,3254.10027045
1558978200,8673.99999993,8702.22825968,8673.99999993,8691.26029916,43560.32309134
1558978500,8649.38170993,8685.0,8647.0,8675.16641121,90398.76689472
1558978800,8664.19393087,8672.5,8654.29252857,8654.60853368,39917.27974095
1558979100,8672.23899821,8672.50000087,8660.00000004,8664.19393087,20977.8775877
1558979400,8642.41337668,8659.99999999,8637.213732,8659.99999999,9814.59957449
1558979700,8633.50000078,8637.213732,8611.09641934,8637.213732,13338.43931006
1558980000,8625.34711093,8633.5,8618.24944648,8633.5,49410.57109892
1558980300,8666.0,8679.0,8640.97989596,8640.97989596,36725.27171797
1558980600,8670.0,8676.21123636,8663.78380269,8666.00552121,18674.63137056
1558980900,8670.81380061,8674.50532347,8670.0,8670.0,3660.73033495
1558981200,8674.47975776,8687.0,8665.76978535,8667.33827917,11627.69896311
1558981500,8690.83471586,8691.73606585,8677.74729801,8687.0,17093.38378287
1558981800,8685.68732859,8685.75964761,8683.25066341,8683.25066341,12616.03173016
1558982100,8685.61859572,8685.68732859,8685.61859572,8685.68732859,3743.64179004
1558982400,8688.54379691,8689.44866348,8685.00000001,8685.61859572,5168.24163377
1558982700,8751.69999999,8751.69999999,8689.44866348,8689.44866348,54234.90493671
1558983000,8760.0,8767.0,8718.71981544,8733.61059764,31417.05328355
1558983300,8743.25277483,8761.86588645,8735.77738061,8760.00000001,23237.11755626
1558983600,8762.32928765,8772.86697123,8750.59511906,8757.61773168,32098.05843097
1558983900,8763.02216603,8789.7093468,8754.59873004,8762.32928766,30277.89985178
1558984200,8742.40987639,8764.0,8731.83922152,8764.0,18313.85704823
1558984500,8746.04132908,8746.32066444,8741.27798363,8741.27798366,2265.41113154
1558984800,8739.44488236,8746.32066443,8739.44488235,8746.32066443,10646.51189394
1558985100,8750.0,8750.0,8738.99881227,8739.44488236,10432.22960836
1558985400,8768.84404545,8770.0,8749.7969867,8750.0,10872.58514002
1558985700,8767.0,8778.09999959,8761.0,8771.7839772,11495.44562952
1558986000,8751.0,8767.0,8749.82409691,8767.0,4487.57157007
1558986300,8762.03491419,8762.60630028,8751.0,8751.0,3317.59027542
1558986600,8758.53150156,8762.60629991,8758.53150156,8762.03491423,2636.03273778
1558986900,8760.45970614,8761.95018638,8754.78645705,8754.78645705,1523.98122562
1558987200,8766.41054569,8796.3,8761.9070476,8762.0349141,40528.56661843
1558987500,8701.63848578,8760.46,8701.63848578,8760.46,27075.87207652
1558987800,8720.0,8728.52000001,8706.35020003,8722.37788309,51469.03834039
1558988100,8736.02341927,8745.2,8724.58664511,8725.1881604,24227.17706711
1558988400,8695.00000001,8736.12922143,8695.00000001,8730.18233775,33757.63799544
1558988700,8700.4986,8703.87348765,8696.4986,8696.49868923,19067.94920514
1558989000,8713.90926958,8729.61517701,8700.00000032,8700.4986,19424.63187039
1558989300,8714.39999999,8716.4,8703.87467921,8703.87467921,3452.58606982
1558989600,8714.3,8714.99999998,8707.57049359,8714.10951045,11706.97984586
1558989900,8720.50854128,8721.73337536,8707.57049361,8707.57049361,13064.20744512
1558990200,8696.77943473,8708.83405603,8672.03977012,8708.83405603,81056.233552
1558990500,8708.7,8710.7608585,8693.58034545,8693.58034546,12014.78378829
1558990800,8690.455796,8712.79979998,8690.455796,8709.48281813,9852.0488714
1558991100,8692.86237175,8692.86237175,8686.49783435,8689.00907504,9374.70411685
1558991400,8735.03079999,8735.03087218,8692.77762488,8692.86237175,33156.8815691
1558991700,8726.47085312,8735.03087212,8724.23997471,8735.03087212,8184.4007274
1558992000,8737.01716369,8737.01716369,8728.10548857,8728.10548857,1506.72331144
1558992300,8728.10548857,8745.05249994,8728.10548857,8737.0171637,61537.26498446
1558992600,8740.59979994,8740.59979994,8728.10548858,8728.10548858,1919.07011967
1558992900,8747.9345525,8753.27779995,8745.55257294,8745.55257294,4806.45140524
1558993200,8747.93455249,8753.27769898,8747.93455249,8747.9345525,2281.76496819
1558993500,8769.5470949,8769.5470949,8752.36616248,8752.37689999,12875.76041587
1558993800,8769.88655195,8772.55,8768.69051185,8769.55000001,4355.30422823
1558994100,8767.78965825,8769.88655195,8760.00000005,8769.88655195,3401.55229557
1558994400,8760.00000001,8772.76100592,8760.0,8762.9,1012.18509884
1558994700,8750.0,8760.00000001,8750.0,8760.00000001,7631.29051802
1558995000,8720.0,8759.324,8715.05000001,8749.8,190253.41775073
1558995300,8737.81341397,8740.0,8719.91870675,8720.0,114825.16814587
1558995600,8719.04030002,8732.28442603,8719.04030002,8732.28442603,2435.65308503
1558995900,8720.57486456,8731.87839402,8720.57486456,8721.85938387,37687.16727288
1558996200,8738.52564796,8744.08025495,8719.91494314,8720.0,106306.52463115
1558996500,8740.29706609,8740.29706609,8735.25987714,8738.52564797,1297.66934078
1558996800,8752.40012111,8752.40012111,8742.40299996,8742.40299996,4612.08050611
1558997100,8759.11301019,8766.66999666,8752.40012188,8752.40012188,5122.40753233
1558997400,8751.56441024,8754.11038605,8747.48322208,8754.11038605,554.25078545
1558997700,8759.7823482,8765.06914351,8751.56441026,8751.56441026,3495.21898693
1558998000,8769.5810614,8769.5810614,8760.30898692,8765.06914351,3686.0235049
1558998300,8767.71793058,8771.31019482,8757.26662992,8771.31019398,15786.61011745
1558998600,8783.6189638,8783.6189638,8769.80991938,8769.80991938,1743.02427654
1558998900,8799.89595133,8813.46326971,8784.03957724,8784.26941865,93278.7437408
1558999200,8788.96509908,8798.25816274,8781.07119386,8798.25816274,70794.46290481
1558999500,8772.83542579,8795.0999,8772.83542579,8785.62558019,7142.37204018
1558999800,8786.49225746,8804.7324282,8772.83542562,8804.7323,17845.16761196
1559000100,8781.2,8786.94507403,8778.5999,8778.5999,1268.00725198
1559000400,8802.15602868,8813.9061,8791.3331825,8793.29874412,52028.83632855
1559000700,8808.1599339,8818.2495,8802.15602868,8802.15602868,12830.81180339
1559001000,8779.1531632,8813.9525895,8779.1531632,8808.1599339,35730.55675826
1559001300,8750.08139821,8803.91821803,8749.66888982,8785.14648653,10840.5008256
1559001600,8777.0319589,8777.0319589,8736.36751243,8749.78539435,38675.31244082
1559001900,8777.08434792,8791.247503,8776.92922517,8776.92922517,5354.70068095
1559002200,8780.97095517,8791.06726426,8780.49009498,8786.7066,6771.47929985
1559002500,8783.08063548,8795.08766306,8783.08063548,8785.11284783,9511.7077748
1559002800,8770.70672654,8783.08063532,8770.70672654,8783.08063532,4718.36627483
1559003100,8757.81189124,8769.4921884,8752.00000001,8769.4921884,25079.01801727
1559003400,8738.22716425,8758.04215399,8729.53209418,8758.04215399,51478.84490779
1559003700,8752.33781308,8761.81395373,8738.22716425,8738.22716425,13806.48758002
1559004000,8755.72466856,8764.25617066,8752.33781309,8752.33781309,16276.55005404
1559004300,8741.08445886,8783.30939993,8741.08445886,8761.24950138,100634.39700852
1559004600,8738.54706361,8745.68621691,8734.35924055,8734.35924055,815.42555409
1559004900,8735.99362145,8735.99362146,8735.99362145,8735.99362146,28.25220337
1559005200,8724.82543901,8731.54311925,8719.25161073,8731.54311925,4433.23053574
1559005500,8750.9345525,8750.9345525,8729.34803378,8729.34803378,11273.0607584
1559005800,8753.09000001,8759.46740296,8741.48455532,8753.00000001,1629.73531389
1559006100,8763.17914461,8768.1126846,8760.0,8760.0,386.52579919
1559006400,8749.41143503,8767.78523668,8746.53769353,8760.00000002,1688.53112297
1559006700,8754.86634117,8759.09999988,8751.39689022,8753.20196613,1117.41201142
1559007000,8767.78523668,8767.78523668,8754.86634171,8754.86634171,757.59349385
1559007300,8761.61611211,8761.61611211,8761.61611211,8761.61611211,12.12397391
1559007600,8780.0,8780.0,8768.66398535,8768.66398535,14474.10970157
1559007900,8754.47837151,8780.0,8754.47837151,8780.0,4999.63882757
1559008200,8755.0,8760.22938267,8754.47837145,8754.47837153,352.26098419
1559008500,8755.00000001,8772.79899848,8755.00000001,8757.42535316,335.98232152
1559008800,8757.9773177,8757.9773177,8756.08724043,8756.08724043,1295.11178367
1559009100,8768.26616542,8768.26616542,8760.34436958,8760.34436958,71.54803433
1559009400,8780.00000001,8780.00000001,8768.26616512,8768.26616512,1309.09557079
1559009700,8782.95287783,8786.43357801,8780.0,8780.0,7942.26713979
1559010000,8783.0,8786.43357769,8782.95287783,8782.95287783,27119.87415357
1559010300,8766.28811443,8783.0,8766.28811443,8783.0,31281.41413556
1559010600,8784.9898612,8784.9898612,8766.28811443,8766.47626835,11620.08021269
1559010900,8770.8845766,8776.66841601,8770.8845766,8776.4644132,454.96648717
1559011200,8776.00238054,8776.00238054,8770.88457658,8772.14228221,3835.32340833
1559011500,8763.50268858,8773.44017417,8763.50268858,8773.44017417,1967.74540926
1559011800,8770.67636225,8771.40843173,8755.81547449,8763.50268858,1771.4685984
1559012100,8770.67636231,8770.67636231,8770.67636231,8770.67636231,36.66256738
1559012400,8762.56601755,8777.0,8762.56601755,8762.90000002,150212.34162224
1559012700,8756.68608821,8762.56601755,8756.68608821,8762.56601755,692.19361406
1559013000,8767.9911606,8767.9911606,8759.66360689,8759.66360689,952.06722933
1559013300,8760.82082708,8760.96122703,8758.56816045,8758.56816045,8135.70433082
1559013600,8764.32515542,8764.32515542,8760.82082708,8760.82082709,1096.33530113
1559013900,8755.0,8773.67825789,8755.0,8771.16757517,12469.31424257
1559014200,8764.12327697,8764.30570756,8754.59654686,8762.26858503,21839.64842192
1559014500,8762.44502709,8764.12327697,8761.63782577,8764.12327697,10800.42938364
1559014800,8757.28383621,8762.88000192,8757.03178238,8762.44502709,20324.84699042
1559015100,8751.14169129,8764.30522513,8743.80579963,8764.30522513,43531.92284786
1559015400,8759.53776021,8760.11141843,8749.36327171,8751.14169129,11879.80638945
1559015700,8760.45654195,8760.45654195,8756.40000001,8760.1115097,932.043824
1559016000,8778.5517073,8784.59289593,8764.30570747,8764.30570748,17207.66943054
1559016300,8777.82109991,8780.47810458,8765.10000017,8765.10000017,735.69147281
1559016600,8765.10000001,8777.82086988,8765.10000001,8777.82086988,1949.98633505
1559016900,8763.3,8769.47800092,8763.3,8769.47800092,5541.88937909
1559017200,8776.0,8776.07212387,8769.47799628,8769.47799628,3287.76019097
1559017500,8776.00000001,8776.00000001,8776.00000001,8776.00000001,1753.41741888
1559017800,8768.48843911,8776.00000001,8768.48843911,8776.0,12089.91731693
1559018100,8776.00000001,8776.00000001,8772.8335731,8775.99999866,1784.92852518
1559018400,8776.00000001,8776.00000001,8770.96570142,8776.00000001,2735.47379799
1559018700,8776.49999941,8784.29999995,8776.0,8776.00000001,13756.29717971
1559019000,8756.27653287,8776.0,8755.94673539,8776.0,14824.55750365
1559019300,8755.67825303,8756.80546463,8755.67825303,8756.80546461,2720.28987626
1559019600,8752.28491525,8755.0,8752.28491525,8755.0,55.85000478
1559019900,8761.60775242,8764.16919031,8758.90004799,8764.16919031,6378.01504071
1559020200,8765.79999994,8768.49999999,8752.89264446,8762.41575613,3402.07553591
1559020500,8763.35727065,8765.7999999,8763.3572706,8765.7999999,39.65089416
1559020800,8750.0,8763.35727065,8750.0,8763.35727065,5846.76645484
1559021100,8740.1,8762.41126488,8740.0,8762.41126488,1169.32604675
1559021400,8741.35105945,8741.35105945,8740.0,8740.1,1225.70348967
1559021700,8740.79637743,8742.26709642,8739.03811345,8742.26709642,323.34807481
1559022000,8706.80000001,8736.64042973,8706.80000001,8736.64042973,6863.65252776
1559022300,8692.04861469,8727.39979993,8687.0,8713.55088531,39749.54754016
1559022600,8722.28335988,8722.28335988,8711.08004353,8716.22158889,11618.46452192
1559022900,8713.2263173,8726.750496,8713.2263173,8725.08611502,9138.41257158
1559023200,8719.5340819,8725.75470458,8717.10609173,8725.75470458,1332.92487278
1559023500,8689.0,8701.24531328,8686.84981837,8701.24531328,9294.08618466
1559023800,8700.0,8712.02618519,8682.65564861,8689.00000001,21022.37664492
1559024100,8682.0,8700.00000001,8680.0,8700.00000001,3345.05902229
1559024400,8673.14034112,8686.53123253,8660.0,8686.53123253,13009.89258782
1559024700,8677.17157372,8683.18715268,8660.0,8673.14034113,58960.03266721
1559025000,8697.22853792,8700.19367841,8681.37699571,8681.37699571,18352.94323911
1559025300,8709.92332535,8716.4343388,8697.01878163,8697.22853791,41327.21613359
1559025600,8702.66869188,8710.15108299,8702.66869188,8704.58086338,3806.56313645
1559025900,8705.31428081,8705.31428081,8701.38820374,8701.38820374,552.62508961
1559026200,8697.6,8730.39597424,8697.6,8706.35222653,50000.13855874
1559026500,8677.52406567,8697.6,8677.52406567,8697.6,3954.58142872
1559026800,8688.77360585,8700.10000084,8678.51753787,8678.51753787,16103.77823846
1559027100,8672.62234333,8674.51478356,8633.05331792,8674.51478356,121397.63235119
1559027400,8664.87032753,8672.85361242,8660.28657011,8664.89895011,7215.77401862
1559027700,8694.44058414,8694.44058414,8665.0,8666.07542828,7171.35892796
1559028000,8685.64769703,8692.79002463,8685.64769703,8689.29113418,8379.66435879
1559028300,8700.37360597,8700.37360597,8685.10957457,8685.83308356,2598.83887053
1559028600,8709.95201219,8721.87119998,8700.37360597,8700.37360597,18849.32866256
1559028900,8711.99999999,8712.99999998,8705.93881375,8710.09902743,16311.78308552
1559029200,8700.0,8712.00000002,8700.0,8712.00000002,7334.19629992
1559029500,8712.06744985,8712.06744985,8699.9180262,8700.0,5644.03427744
1559029800,8716.89999934,8716.89999934,8709.51184032,8716.49999999,6490.65063006
1559030100,8720.31085945,8721.87119999,8712.75628684,8716.89999891,3162.90880491
1559030400,8701.96902832,8720.79245953,8701.96902832,8720.79245953,8383.89170659
1559030700,8709.8,8709.8,8701.96902832,8701.96902833,5915.41161932
1559031000,8706.71812789,8708.91579457,8705.81770828,8705.81770828,429.35889317
1559031300,8690.16977486,8706.7181279,8690.16977486,8705.7,25466.65830441
1559031600,8693.91396087,8693.91396087,8689.92985092,8689.92985092,1564.00134764
1559031900,8696.889456,8701.18315299,8696.88945578,8698.59633212,10587.67750447
1559032200,8695.65275246,8699.46288148,8695.65275246,8698.05761327,9129.43472551
1559032500,8694.69791507,8696.88945597,8694.61693807,8694.61693807,361.0893146
1559032800,8690.5963321,8690.59633213,8690.5963321,8690.59633213,1336.90928306
1559033100,8695.7,8695.7,8690.59633211,8690.59633211,38389.34419103
1559033400,8698.19999999,8698.99999999,8694.90885595,8698.37680641,1199.40606302
1559033700,8711.89999999,8712.64223878,8698.19999999,8698.19999999,17404.83607036
1559034000,8729.95354014,8730.0,8710.0,8710.0,1851.56046668
1559034300,8732.70528771,8740.45097675,8729.12342643,8729.89877599,3692.59359442
1559034600,8737.89999989,8737.89999989,8733.5187182,8734.6,222.16858246
1559034900,8727.29999999,8734.09999999,8727.29999999,8734.09999999,948.56946007
1559035200,8715.69999999,8723.93545537,8715.69999999,8723.93545537,7655.6971575
1559035500,8712.29999999,8715.70000001,8700.00000019,8715.7,1423.78129005
1559035800,8700.0,8711.0,8700.0,8707.71650752,1358.00956227
1559036100,8700.0,8713.7,8700.0,8713.7,9457.01316251
1559036400,8710.8,8710.8,8700.0,8700.0,4284.63564563
1559036700,8705.5,8705.5,8702.00000001,8702.00000001,3837.13195486
1559037000,8705.4,8705.4,8704.0,8704.0,253.62339568
1559037300,8710.95187809,8714.97,8704.93463653,8706.25502999,15976.86676278
1559037600,8680.55,8704.0,8680.55,8704.0,69018.21075864
1559037900,8684.91599997,8698.18380957,8678.5220628,8678.5220628,23499.01782435
1559038200,8700.44558573,8700.44558573,8671.0,8682.0,2233.9251735
1559038500,8699.59999978,8699.59999979,8689.98844716,8691.33902196,60562.23498933
1559038800,8687.91866809,8695.71720517,8686.59351583,8693.741717,1928.93267545
1559039100,8693.28273092,8693.28273092,8682.0,8688.1157783,1161.59110245
1559039400,8680.19999999,8700.44558634,8680.19999999,8694.99999999,13827.3490648
1559039700,8654.0,8685.0,8654.0,8685.0,2247.3186863
1559040000,8674.37153262,8692.20204771,8657.4616,8657.4616,59910.74344466
1559040300,8692.2020482,8692.2020482,8665.0,8675.64344982,19104.81682931
1559040600,8701.05197173,8710.7784285,8697.0,8697.0,30532.92362759
1559040900,8687.0,8698.71123399,8687.0,8693.0,3239.06495861
1559041200,8698.60355954,8698.60355954,8687.0,8687.00000001,653.62002001
1559041500,8698.91714548,8698.91714549,8690.0,8698.91714549,824.64999249
1559041800,8700.4024391,8703.12580921,8696.65716031,8698.91714549,354.8663311
1559042100,8700.14033583,8700.14033583,8696.57518332,8697.16892321,1942.75842095
1559042400,8704.40211067,8706.28057043,8699.99249328,8700.14033584,331.21440905
1559042700,8709.99999999,8709.99999999,8709.15892888,8709.99999998,43.75629006
1559043000,8709.99999999,8710.0,8709.99999999,8710.0,439.15715479
1559043300,8706.0,8706.0,8706.0,8706.0,20.3302512
1559043600,8697.99875008,8706.0,8697.99875008,8706.0,87.74688042
1559043900,8706.0,8706.0,8701.36016186,8701.36016186,1223.60196836
1559044200,8714.97,8714.97,8709.99999999,8709.99999999,6846.69401432
1559044500,8735.71648901,8735.71648901,8714.88648973,8714.88648973,4428.84401881
1559044800,8744.90176498,8750.03035803,8733.15302706,8733.15302706,6130.329533
1559045100,8727.512918,8743.62479642,8727.512918,8743.62479642,572.66723646
1559045400,8726.39618297,8727.512918,8717.73146876,8727.512918,2476.17327509
1559045700,8717.28348866,8719.53550587,8712.47529408,8719.53550587,10068.72719756
1559046000,8712.98552138,8717.28348866,8705.0,8717.28348866,32057.16537201
1559046300,8712.98552139,8712.9855214,8712.98552138,8712.98552139,806.21603548
1559046600,8713.0,8717.71415821,8712.98552139,8712.98552139,5933.8239744
1559046900,8701.73146878,8713.81021163,8701.0,8713.81021163,3162.18803791
1559047200,8699.28688212,8706.04346526,8699.28688211,8706.04346526,2671.37765023
1559047500,8700.0,8700.00000006,8700.0,8700.00000003,6258.735891
1559047800,8698.52000003,8704.4112825,8697.61,8700.00000003,519.06251787
1559048100,8697.5,8700.00000001,8697.5,8697.737,2548.3461566
1559048400,8712.27550483,8712.27550483,8700.0,8700.0,6043.07839632
1559048700,8712.27550483,8712.27550483,8712.27550483,8712.27550483,0.0
1559049000,8700.0,8713.88,8700.0,8712.99999999,13214.23918549
1559049300,8658.0,8699.19584171,8655.6,8699.19584171,93499.59014694
1559049600,8650.1,8678.51231869,8646.9584592,8659.8207656,75142.49667526
1559049900,8600.0,8665.6787798,8600.0,8660.94004674,77380.41616324
1559050200,8614.51783659,8616.80285926,8550.0,8600.0,289751.691595
1559050500,8638.3074598,8638.3074598,8606.6363845,8617.50694971,11434.34396866
1559050800,8660.61566689,8660.83566893,8630.15740093,8638.5,20054.39310558
1559051100,8638.82247568,8659.99999955,8627.95128657,8638.82247568,20474.4005527
1559051400,8659.9999993,8659.99999978,8638.82247568,8638.82247568,19891.32500262
1559051700,8655.89999965,8659.99999886,8638.82247567,8652.25884377,4906.90692938
1559052000,8667.0,8667.0,8650.58995314,8655.89999921,740.70791967
1559052300,8645.0,8664.0101336,8645.0,8652.89678254,49652.87201529
1559052600,8652.12818697,8656.15095822,8639.01943127,8648.17059609,3311.95251641
1559052900,8678.82247567,8678.82247567,8647.55361706,8651.62239092,21583.71516484
1559053200,8678.00361469,8680.91811654,8662.91811654,8676.10000001,105998.97911822
1559053500,8680.91811654,8680.91811654,8671.67593485,8676.99999998,5315.90268907
1559053800,8672.67593481,8679.7010943,8672.6759348,8675.60352827,3994.83155637
1559054100,8670.0,8672.67593481,8670.0,8672.67593481,1130.1576956
1559054400,8670.41257098,8672.41257098,8670.0,8670.0,5526.62612201
1559054700,8650.80000024,8670.0,8650.8,8670.0,16134.17052137
1559055000,8669.30000069,8679.6,8650.80000081,8663.0,16099.59456814
1559055300,8676.62663798,8676.62663799,8671.30000001,8671.30000001,2867.87984082
1559055600,8672.65770872,8679.6,8670.6,8678.42058319,27700.73475601
1559055900,8670.01900245,8670.01900245,8670.01900244,8670.01900245,868.33760337
1559056200,8671.47923527,8677.4736216,8665.00000001,8677.4736216,11594.91678034
1559056500,8668.32861799,8671.47923527,8665.00000001,8671.47923527,7823.66896361
1559056800,8668.32861797,8668.32861799,8661.97000004,8668.32861799,27470.79940509
1559057100,8662.94999998,8663.48940589,8661.97,8663.48940589,4136.56969471
1559057400,8661.97000003,8671.46778941,8661.97000002,8662.94999998,2106.49122496
1559057700,8674.99989998,8675.0,8667.60000008,8675.0,126.12212003
1559058000,8663.60000003,8675.0,8662.00000013,8674.99989998,5026.78399739
1559058300,8674.99999988,8674.99999988,8663.60000142,8674.99999988,8130.11223063
1559058600,8670.80000242,8689.6551724,8670.80000192,8674.99999988,34847.6817375
1559058900,8689.04173833,8689.65517241,8689.03485193,8689.03485193,152.23997425
1559059200,8677.71521591,8680.93772655,8677.71521591,8678.65517312,11122.41452758
1559059500,8677.71521579,8677.71521579,8677.71521578,8677.71521578,23622.47254222
1559059800,8669.4,8677.71521579,8662.0,8677.71521579,16825.36927481
1559060100,8672.05634256,8672.05634256,8664.94596909,8667.11274729,20217.6162509
1559060400,8657.0,8670.33288701,8657.0,8670.29131597,22860.90695918
1559060700,8645.59214003,8656.56414486,8637.0127356,8656.56414486,24880.44161215
1559061000,8638.29999999,8660.10746379,8615.25391791,8646.73062476,44325.5098937
1559061300,8640.0,8640.0,8624.48597877,8624.48597879,8710.18733174
1559061600,8660.820125,8665.0,8638.40654851,8640.0,5169.71579936
1559061900,8656.19999999,8665.0,8646.35716025,8660.00000001,2543.00305875
1559062200,8651.45704208,8652.99999999,8641.50468143,8641.50468143,15143.9464606
1559062500,8656.54588997,8656.54588997,8640.01905956,8640.01905956,24077.22002374
1559062800,8660.0,8660.0,8648.75812,8648.75812002,14456.11926104
1559063100,8666.82894323,8673.78499586,8660.0,8660.0,37987.11994384
1559063400,8662.25941001,8669.86503948,8645.3,8660.72807223,5474.00321397
1559063700,8668.25570089,8673.77314678,8654.82569157,8662.25940996,3629.79308361
1559064000,8678.65517239,8678.65517241,8668.25570087,8668.25570087,12601.89916028
1559064300,8688.32814514,8690.94585914,8678.6551724,8678.6551724,52238.69493198
1559064600,8740.0,8740.0,8688.32814505,8688.32814506,126076.37110092
1559064900,8758.82722957,8775.0,8740.0,8740.0,93469.23806274
1559065200,8756.57364364,8770.04211447,8744.24873209,8751.82156919,80876.52203589
1559065500,8741.40000009,8756.57364362,8740.0,8750.00000267,43364.6824576
1559065800,8747.09046423,8747.09046423,8740.0,8741.0,2912.38780432
1559066100,8736.054635,8751.85175525,8736.054635,8741.1,19762.39874839
1559066400,8724.00227758,8733.27894311,8690.0,8733.0,16373.12723953
1559066700,8699.82920001,8725.56411537,8699.82855743,8724.96213123,11856.08833816
1559067000,8713.10579452,8713.10579452,8710.0,8713.10579448,5659.02545736
1559067300,8723.20479134,8730.82855752,8713.10579452,8713.10579452,47094.82412072
1559067600,8713.10579448,8742.70489459,8713.10579448,8723.20479134,13953.52156088
1559067900,8722.3877307,8722.96768295,8700.05040004,8706.13870055,1115.55718631
1559068200,8740.6,8740.60000001,8721.566195,8722.96768295,1080.27995765
1559068500,8747.69971248,8747.69971248,8730.60000002,8730.60000002,1508.75478076
1559068800,8746.53750595,8752.96289622,8740.41723356,8747.6997125,10349.90629917
1559069100,8730.0,8738.93317092,8729.5404613,8738.93317092,2167.92715084
1559069400,8728.15089699,8730.0,8725.00547292,8729.99999999,11018.04882919
1559069700,8725.0054728,8730.0,8725.0054728,8725.00547293,589.56375968
1559070000,8743.93569897,8743.93569897,8725.00000015,8725.0054728,4252.63786869
1559070300,8743.78099251,8751.99999999,8743.61854094,8743.93569899,2262.06085801
1559070600,8752.0,8752.0,8737.46887716,8739.36739356,2816.6397475
1559070900,8745.33851241,8755.0,8742.50000087,8752.0,28278.91565766
1559071200,8659.24447011,8743.10539729,8638.48956501,8743.0,102452.32047975
1559071500,8672.6,8700.0,8661.316497,8664.30527998,39489.63019796
1559071800,8673.0,8687.57749414,8672.6,8672.6,5065.934298
1559072100,8691.74751894,8691.74751896,8679.11544982,8679.11544982,1384.02961609
1559072400,8691.74751888,8691.74751896,8690.73661499,8691.74751896,2667.08274885
1559072700,8689.24372167,8691.74751896,8678.20000089,8691.74751896,9069.29769362
1559073000,8686.58600636,8691.74751895,8683.00000004,8691.74751895,1167.96740144
1559073300,8683.0000001,8685.91078682,8683.00000004,8683.00000008,905.93249552
1559073600,8710.45219981,8710.55249092,8689.17611827,8691.63036551,78857.61171516
1559073900,8689.68092786,8710.45209923,8686.00000003,8696.3580647,1160.67044989
1559074200,8710.0,8710.55249092,8692.44467106,8692.44467106,7045.3128515
1559074500,8702.28331145,8710.00000001,8699.79999996,8710.00000001,11211.51000399
1559074800,8691.34678517,8702.28331123,8691.34678517,8699.02022717,11841.15946681
1559075100,8688.99999999,8689.0,8688.99999999,8689.0,8720.14502536
1559075400,8696.37918387,8699.1851742,8689.0,8689.0,7127.29745057
1559075700,8697.00000011,8697.00000012,8697.00000006,8697.00000007,59.18299803
1559076000,8699.21662979,8699.2166298,8698.00000006,8698.78639294,3717.82693208
1559076300,8713.28511255,8713.28511255,8699.2166298,8699.2166298,286.33520921
1559076600,8698.85570591,8713.5752558,8686.0,8713.5752558,47979.49088666
1559076900,8689.2,8692.15104162,8685.49729138,8692.15104162,6494.64148807
1559077200,8681.20816139,8689.2,8675.3276735,8689.2,10360.93262714
1559077500,8676.62159267,8678.09753999,8676.62159267,8678.09753999,105.36829695
1559077800,8684.99060306,8685.54808404,8684.99060306,8685.54808404,236.06547475
1559078100,8666.18517418,8680.0,8666.18517418,8680.0,1511.75484329
1559078400,8682.15336608,8685.99999999,8668.48583524,8668.48583524,3642.87174478
1559078700,8686.76587931,8686.76587931,8674.74487088,8674.74487088,47289.82635778
1559079000,8678.05860943,8678.05860943,8677.97422145,8677.97422145,19175.24174605
1559079300,8678.05860917,8678.05860935,8678.0,8678.05860935,2631.04585247
1559079600,8691.82684991,8691.82684991,8678.05860913,8678.05860916,4639.30217149
1559079900,8699.49164905,8700.51061,8683.2,8691.82684986,9736.32960327
1559080200,8691.27301229,8699.4128404,8691.18696878,8699.4128404,44033.81272102
1559080500,8708.26395646,8708.26395646,8691.18697047,8691.27301229,43776.05583559
1559080800,8720.10746357,8720.10746357,8708.26395637,8708.26395637,13241.54653216
1559081100,8720.10746368,8720.10746368,8717.56416847,8720.1074635,8717.00910334
1559081400,8706.77578348,8716.72833432,8706.77578348,8716.72833432,4143.07881942
1559081700,8690.0,8706.46882139,8680.0,8706.46882139,43986.96761712
1559082000,8700.70000006,8710.2963246,8687.17151411,8687.17151411,10395.31577974
1559082300,8712.84044649,8712.84044649,8703.7,8710.0055242,2560.58399234
1559082600,8706.72731341,8717.70000041,8706.72731341,8712.84044649,913.51875213
1559082900,8691.68299421,8698.70214017,8691.68299421,8698.70214017,1034.53839949
1559083200,8684.82124092,8690.8331221,8677.97422145,8690.8331221,79787.80971601
1559083500,8691.8006281,8691.80062886,8684.13447712,8686.23173298,4011.00455669
1559083800,8693.65616728,8693.65616728,8693.65616728,8693.65616728,2630.95899248
1559084100,8711.84109807,8715.80597688,8693.65616728,8693.65616728,2591.07738551
1559084400,8699.03020845,8702.97665267,8699.03020845,8702.97665267,8897.26103979
1559084700,8684.63232052,8684.63232052,8684.63232052,8684.63232052,72.79728034
1559085000,8702.80809864,8702.80809864,8701.99999999,8701.99999999,5273.92077025
1559085300,8699.0,8699.0,8699.0,8699.0,42.25504454
1559085600,8699.99999999,8700.0,8686.5796378,8686.5796378,272.12203318
1559085900,8715.83975181,8715.83975181,8700.0,8700.0,4322.26123612
1559086200,8711.75398686,8717.7000004,8711.75398686,8715.8397518,18057.39296173
1559086500,8717.70000041,8717.70000041,8709.47006133,8713.35419514,1880.12323297
1559086800,8715.08815546,8716.71553666,8715.08815546,8716.71553666,3665.98070165
1559087100,8737.50601272,8737.50601272,8715.08815546,8715.08815546,1261.96861907
1559087400,8730.8591844,8732.18334839,8720.65796726,8732.18334839,953.74549096
1559087700,8722.1895544,8730.85918441,8718.05751243,8730.85918441,229.46239313
1559088000,8697.35846207,8718.05751243,8692.01940739,8718.05751243,14217.66301403
1559088300,8697.69864909,8700.17350627,8694.22096071,8700.17350627,883.45291228
1559088600,8702.66748243,8702.69126709,8695.1504392,8695.1504392,443.75011382
1559088900,8704.74467119,8708.09958499,8702.69126709,8702.69126709,197.60024617
1559089200,8680.61033887,8699.67336031,8680.61033887,8699.67336031,1259.01882916
1559089500,8671.67563834,8686.12441235,8669.01846261,8686.12441235,5796.52477064
1559089800,8682.73213793,8682.73213793,8655.0,8674.2368541,19678.76365818
1559090100,8687.75298684,8687.75298685,8687.75298684,8687.75298685,12.4152334
1559090400,8675.50004654,8685.32825084,8675.50004654,8685.32825084,4676.58403899
1559090700,8670.77328169,8677.83187099,8670.77328169,8675.58601971,22363.00515818
1559091000,8674.0,8674.0,8668.0,8668.0,11962.15489337
1559091300,8683.9168404,8683.9168404,8674.0,8674.0,490.59621426
1559091600,8685.32825084,8685.32825084,8683.9168404,8683.99741784,1184.95228482
1559091900,8699.0,8708.099585,8685.32825084,8685.32825084,43542.6150816
1559092200,8701.38958067,8701.38958067,8695.14363389,8695.14363389,9072.36147698
1559092500,8701.73658743,8705.72659541,8701.73658743,8705.72659541,85.88280825
1559092800,8697.64942964,8704.30611858,8696.45984366,8696.45984366,4090.41467258
1559093100,8694.221014,8696.0,8694.221014,8696.0,430.3767538
1559093400,8670.92769415,8686.55524482,8670.92769415,8686.55524481,1890.32762541
1559093700,8679.48351162,8681.18285998,8670.92769415,8670.92769415,601.4335248
1559094000,8677.8818369,8682.66991517,8675.03717551,8679.48351161,1562.43799211
1559094300,8673.48351162,8682.66991515,8673.48351162,8677.5865746,10266.12898577
1559094600,8676.155925,8676.155925,8676.155925,8676.155925,81.22426301
1559094900,8657.83564812,8673.48351161,8657.83564811,8673.48351161,2263.02016821
1559095200,8652.16649823,8657.7515303,8648.0,8657.7515303,4235.49321339
1559095500,8669.29999999,8669.99931231,8652.16649823,8652.16649823,1007.18348315
1559095800,8654.51619251,8666.61876979,8654.51619251,8666.61876979,4877.93515254
1559096100,8660.03685746,8660.03685746,8636.13367542,8648.0,9008.28671348
1559096400,8636.92056028,8664.2744849,8636.92056028,8659.47083519,1075.18959879
1559096700,8628.4011771,8646.40365819,8613.86182274,8645.06132647,13905.79777128
1559097000,8638.9313749,8641.46619088,8614.88948739,8619.36310382,12200.86178734
1559097300,8639.76524758,8640.34757319,8627.56445443,8630.93772768,10125.84062824
1559097600,8648.1849958,8648.1849958,8639.76524753,8639.76524757,1590.43664515
1559097900,8652.86548304,8663.49470961,8648.1849958,8648.1849958,376.91707524
1559098200,8651.46966671,8651.46966671,8645.00000049,8650.82270002,6879.50651702
1559098500,8652.00867278,8658.9,8651.4696667,8651.4696667,12741.73104114
1559098800,8635.24326829,8652.01865847,8632.79586297,8652.01865847,9771.59461007
1559099100,8648.57989997,8648.57989997,8630.0285844,8630.0285844,1604.67826963
1559099400,8653.0,8653.0,8650.7018,8650.7018,126.23506647
1559099700,8652.71809997,8653.0,8652.71809997,8652.99999999,1490.89471645
1559100000,8658.24889999,8658.24889999,8652.99999999,8652.99999999,84.35796604
1559100300,8658.81479996,8659.617,8657.12027928,8657.58089997,1559.41301197
1559100600,8655.66715764,8662.8052,8655.66715764,8658.80460026,7620.18050581
1559100900,8668.24779998,8668.24786571,8647.9999,8653.0,2882.64469146
1559101200,8669.18025401,8669.2499,8669.18025401,8669.2499,692.45780277
1559101500,8663.07224425,8669.24969994,8660.46226568,8669.18025401,1864.05764153
1559101800,8663.07224405,8669.24969994,8663.07224392,8669.24969994,3855.1159156
1559102100,8657.70889996,8663.99364174,8655.62717247,8663.99364174,4390.16673155
1559102400,8661.5963,8661.59641594,8659.68841294,8661.59641594,7957.85775763
1559102700,8651.27925159,8661.4852596,8632.67491151,8650.00000004,2989.77693101
1559103000,8639.5124,8646.53676981,8618.0,8628.17234274,10018.77300439
1559103300,8610.47362159,8639.35219989,8610.47362159,8618.00000001,163203.00104922
1559103600,8622.81978826,8624.10389161,8601.0,8610.47362159,207798.52332262
1559103900,8592.28726072,8624.63735563,8585.04310973,8624.63735563,326908.82357865
1559104200,8567.21227308,8600.62773608,8567.21227308,8592.28726072,69499.96106603
1559104500,8565.38165978,8569.43977826,8536.92550448,8567.21227308,60781.34210947
1559104800,8580.35794058,8582.09991044,8565.29798024,8565.29798025,17416.71450273
1559105100,8580.00135608,8580.57586671,8569.67860363,8580.57586671,9075.95049336
1559105400,8580.6061755,8580.6061755,8578.35643257,8580.00135608,6128.38786712
1559105700,8583.71199999,8583.77524229,8580.60617549,8580.60617549,28286.20458571
1559106000,8586.22573908,8586.22573908,8581.63291393,8583.71199999,16913.68781312
1559106300,8565.38165978,8586.59930568,8565.38165978,8586.59930568,11881.78040055
1559106600,8549.25421838,8562.55397301,8544.67314493,8562.55397301,24510.7210387
1559106900,8544.5,8550.0,8536.0582985,8550.0,64158.43086201
1559107200,8554.0,8559.87154568,8544.5,8544.5,25192.63507024
1559107500,8536.0,8544.00000003,8530.0,8544.0,13773.38529956
1559107800,8549.99992945,8560.0,8536.0,8556.73202922,46084.44163354
1559108100,8506.62928566,8541.71201106,8478.55,8536.00000001,220080.60734839
1559108400,8481.41847152,8494.96091016,8459.99999999,8489.99999999,67715.25501445
1559108700,8468.34412316,8479.9999751,8462.78772081,8479.9999751,33496.82316797
1559109000,8480.17197508,8480.17197508,8426.78085745,8474.99999988,143591.74252748
1559109300,8469.97622236,8498.29555195,8469.97622236,8480.6346614,51368.09239724
1559109600,8505.10165938,8506.62928568,8445.18140107,8465.0,52972.36089801
1559109900,8503.59520077,8508.52140609,8493.11064509,8506.62928566,51191.63055325
1559110200,8528.73567596,8528.73567596,8503.5952008,8508.0,3642.12506935
1559110500,8516.5409876,8528.55325052,8503.5952008,8528.20521513,30204.12873082
1559110800,8520.00000004,8520.00000004,8520.0,8520.0,18462.75343688
1559111100,8528.77793769,8531.22826021,8520.00000004,8520.00000004,1561.69001683
1559111400,8515.0,8534.54533922,8515.0,8528.72316376,5424.05252728
1559111700,8488.80000011,8516.8202337,8472.65880001,8515.0,5884.99697082
1559112000,8517.94362021,8517.94362025,8489.75734275,8489.75734275,2974.56180567
1559112300,8526.31546152,8527.0,8516.55487084,8516.55487084,4350.43375114
1559112600,8526.54855185,8526.99999991,8520.19999981,8526.31546151,10687.18871426
1559112900,8518.48200845,8526.54855179,8518.48200845,8526.54855179,3663.89601419
1559113200,8516.49069339,8516.49069339,8507.46885044,8509.19249907,2460.8521343
1559113500,8535.49803587,8535.70000087,8520.1007128,8520.1007128,8943.55783161
1559113800,8550.0,8550.87106444,8537.6150775,8538.73,22247.43275471
1559114100,8546.47122077,8550.87106338,8546.47122077,8550.87106338,83905.06439896
1559114400,8536.99999992,8540.17096992,8532.20824587,8540.17096992,590.00916466
1559114700,8546.89999952,8546.89999952,8534.05436287,8534.05436287,6120.28980563
1559115000,8558.88424491,8562.30916861,8538.52397896,8543.90000003,20645.42801431
1559115300,8565.29,8565.29,8552.0,8553.43590802,12757.93284498
1559115600,8565.63504223,8579.03434243,8563.0,8565.63504223,64146.31133373
1559115900,8550.85906176,8566.82576306,8550.85906176,8565.635538,9685.552608
1559116200,8571.97112253,8600.5485517,8550.85906176,8550.85906176,56150.04310762
1559116500,8550.0,8571.97112233,8550.0,8564.7285806,10288.35308057
1559116800,8531.33492572,8544.31718401,8531.3349257,8544.31718401,16601.48969066
1559117100,8550.5,8550.5,8534.0,8534.0,3587.54487703
1559117400,8547.5,8553.63240188,8544.29470093,8553.63240188,655.7203957
1559117700,8534.00000001,8552.79999997,8534.00000001,8547.5,6587.75671028
1559118000,8553.632402,8553.632402,8533.8773706,8534.0,15153.61417627
1559118300,8560.86888353,8571.97099997,8539.80002086,8557.18969999,49005.49550005
1559118600,8581.99999999,8585.65453746,8567.0,8567.0,729.28952457
1559118900,8572.65439979,8580.9969,8572.65439979,8580.9969,5136.04189813
1559119200,8614.09101203,8614.09101203,8576.99999967,8576.99999967,34174.06913657
1559119500,8600.84859228,8614.09101202,8600.54855171,8614.09101202,3198.28611502
1559119800,8623.05363533,8623.05363533,8609.0,8609.0,4228.19266264
1559120100,8610.79248266,8623.05363533,8610.0,8623.05363533,4619.30170909
1559120400,8606.69999999,8610.49999993,8606.40020025,8610.49999993,2664.11816018
1559120700,8601.9,8606.69999999,8598.90010005,8606.69999999,10627.1851458
1559121000,8605.0,8605.0,8601.63890001,8601.9,5124.24194605
1559121300,8594.39654727,8606.2,8594.39654727,8606.2,25299.30961108
1559121600,8595.99999999,8595.99999999,8592.5557845,8593.41719359,1543.08635195
1559121900,8576.81199958,8593.99999995,8576.81199958,8593.99999995,285.67634992
1559122200,8581.0,8593.99999918,8577.0,8577.0,20658.73847165
1559122500,8610.17065573,8610.17065573,8580.99999999,8581.0,7509.31394811
1559122800,8600.0,8608.1706557,8593.96562357,8608.1706557,23386.8599852
1559123100,8610.0052,8610.17065574,8599.99999999,8599.99999999,1985.71160115
1559123400,8610.0052,8610.0052,8605.0,8610.0052,2352.78974829
1559123700,8625.4439451,8625.4439451,8609.0000001,8610.00519999,3545.65910619
1559124000,8656.44301722,8663.12503285,8626.00000013,8626.00000013,38047.40350258
1559124300,8650.20892676,8663.12503285,8650.20892676,8663.12503284,3430.36613494
1559124600,8632.99999999,8648.10628665,8631.88688717,8648.10628665,4164.52819543
1559124900,8637.7948423,8639.99999986,8633.0,8633.0,2071.95449646
1559125200,8632.99999998,8651.58331177,8632.99999998,8635.56442878,20745.57838996
1559125500,8629.24,8629.24,8628.78193378,8629.24,5583.2518787
1559125800,8669.99443298,8671.0,8638.0,8638.0,38824.69776294
1559126100,8662.8408017,8669.99443297,8656.22662366,8669.99443297,9389.40775975
1559126400,8670.89344686,8671.0,8662.8408017,8662.8408017,46445.764095
1559126700,8675.73350129,8675.73350129,8670.91766179,8671.0,6036.40130298
1559127000,8679.35535219,8684.22374652,8675.72220213,8675.72220213,1905.98144277
1559127300,8660.75662877,8682.10729448,8653.43668011,8680.00000001,24847.45816184
1559127600,8645.99999999,8652.2464569,8645.00757358,8652.19718514,7386.95197402
1559127900,8659.8016098,8659.8016098,8645.99999999,8645.99999999,9792.12652719
1559128200,8641.78356043,8660.40356535,8641.78356043,8660.40356534,3134.71687461
1559128500,8657.96172406,8657.96172406,8641.78356043,8641.78356044,801.01013873
1559128800,8651.53606503,8661.31650436,8651.53606503,8656.98297942,5657.30250607
1559129100,8656.536,8660.0,8651.53606503,8651.60000001,15874.9719314
1559129400,8645.8340192,8656.41,8638.0,8656.41,21718.72332081
1559129700,8631.78570136,8649.99999999,8631.78570136,8649.99999999,11532.74043813
1559130000,8632.10174292,8637.99999999,8617.70457887,8631.78570136,22175.92934144
1559130300,8617.00000002,8644.43960791,8616.5,8632.10174292,12562.63712458
1559130600,8614.7638707,8617.01000008,8614.7638707,8617.01000008,3594.53918692
1559130900,8628.44999934,8628.44999975,8624.176653,8624.176653,128.54860665
1559131200,8632.47318613,8650.20892677,8628.44999889,8628.44999889,65558.10308422
1559131500,8645.0,8645.0,8644.99999989,8644.99999989,2198.18187224
1559131800,8648.76614153,8648.8348264,8640.2,8642.02947668,15992.89574213
1559132100,8635.66914881,8647.72320099,8635.66914881,8647.72320099,2212.80130839
1559132400,8632.47607778,8635.45272698,8627.51000002,8635.45272698,3226.43076991
1559132700,8622.31339712,8627.23140822,8620.03407033,8626.21065545,18048.50163973
1559133000,8624.30000001,8632.3955653,8624.0,8624.0,6131.24544217
1559133300,8636.45045171,8644.94989283,8624.30000001,8624.30000001,2114.07281111
1559133600,8636.45045171,8636.45045171,8636.45045171,8636.45045171,0.0
1559133900,8636.4504517,8636.4504517,8632.47607779,8632.55616814,232.49906872
1559134200,8632.4,8650.20892634,8632.4,8636.4504517,2460.27720802
1559134500,8650.20892672,8650.20892672,8640.70553059,8640.70553059,305.94226404
1559134800,8636.46936665,8648.33065223,8636.46936665,8648.33065223,176.31557128
1559135100,8636.27687572,8636.27687572,8633.04092335,8636.27687572,2189.36359824
1559135400,8644.86642266,8657.26104857,8634.04207653,8636.46936665,16858.19757637
1559135700,8680.0,8680.47449394,8653.54962762,8653.54962762,4742.30751708
1559136000,8686.61971825,8686.61971825,8670.89985015,8680.31713771,15325.50995216
1559136300,8718.640084,8722.19701774,8685.09647495,8685.81807972,65738.01536914
1559136600,8740.0,8740.0,8706.39868543,8718.640084,20313.42866442
1559136900,8723.0,8739.08222541,8707.0419009,8738.93807166,19447.83882176
1559137200,8698.0863263,8723.0,8698.0863263,8723.0,32768.06992015
1559137500,8719.61724875,8728.45157669,8694.87840997,8698.0863263,31051.22477088
1559137800,8732.4495909,8740.0,8715.13492638,8717.09673211,6967.74296778
1559138100,8731.93505768,8748.62120843,8730.02544574,8736.23366308,47593.52629653
1559138400,8742.14969758,8745.83951546,8728.79899106,8730.02544561,42594.68004448
1559138700,8740.10887729,8748.44272317,8740.10887729,8748.44272317,75978.12324329
1559139000,8710.91257522,8745.39999981,8708.36968771,8740.10887729,21155.96323354
1559139300,8704.99999995,8712.52080195,8700.00000059,8710.91257522,10488.2505788
1559139600,8699.99999999,8704.99999995,8694.2,8704.99999995,18845.7392858
1559139900,8705.41890575,8715.81,8697.82369739,8700.0,17442.72821954
1559140200,8709.99999997,8720.40593019,8705.41890574,8705.41890574,16919.74293993
1559140500,8695.41890575,8709.99999997,8695.41890575,8709.99999997,6500.64320208
1559140800,8702.71890475,8702.71890475,8688.18951647,8695.41890576,3201.74405334
1559141100,8690.14139082,8707.71890475,8690.0,8702.63236604,16398.79778487
1559141400,8693.476,8706.35793749,8693.32956025,8700.37282213,2360.74947631
1559141700,8685.09647495,8696.72807822,8685.09647495,8691.79999973,70326.11497483
1559142000,8685.8526897,8691.99999988,8685.09647495,8685.09647496,42235.73786657
1559142300,8685.09647495,8690.36138001,8685.09647495,8685.8526897,44756.96417452
1559142600,8691.87168942,8691.87169063,8685.0,8688.0,65348.52870541
1559142900,8706.41502101,8712.71961739,8689.26299635,8691.87168942,53080.4884421
1559143200,8710.0,8719.99625369,8698.0,8698.0,59657.70946333
1559143500,8700.99999986,8710.0,8700.0,8710.0,3040.24963927
1559143800,8700.99999948,8700.99999948,8700.99999948,8700.99999948,33.74091181
1559144100,8694.25578311,8704.94157838,8694.25578311,8700.89999987,41724.2841862
1559144400,8682.46584273,8700.69827705,8682.46584273,8697.24138538,13400.23793335
1559144700,8681.20000004,8693.99957601,8680.18951646,8692.90065078,12010.97429308
1559145000,8666.66039305,8688.26746917,8666.66039305,8682.0,16469.3021351
1559145300,8694.90597648,8694.90597648,8657.88143569,8672.87858754,2409.11544139
1559145600,8669.99999999,8684.72999151,8661.4128252,8684.72999151,3744.19582776
1559145900,8633.1941312,8658.99999997,8633.1941312,8658.99999997,2201.46168684
1559146200,8641.83682639,8647.63899993,8635.09987647,8636.99999998,2459.71876936
1559146500,8658.65993752,8658.73848272,8647.63899993,8647.63899993,1923.79097351
1559146800,8653.34791118,8659.0,8626.20892677,8658.65993753,29137.63160625
1559147100,8674.8052443,8674.8052443,8654.24274977,8654.24274977,2441.323123
1559147400,8698.33559614,8700.0,8680.29086423,8680.29086423,12535.60520506
1559147700,8700.06322392,8700.06322392,8693.97596291,8698.33559614,914.65916324
1559148000,8702.32283473,8702.32283473,8696.23805851,8697.45355361,3700.52528311
1559148300,8714.93342634,8714.93342634,8703.70015539,8703.70015539,206.79894585
1559148600,8715.0,8717.74284753,8713.66219971,8715.5042323,4934.46115619
1559148900,8705.22145008,8717.74284753,8705.22145008,8717.74284753,11395.17203685
1559149200,8712.45106765,8714.90136093,8709.24960501,8710.80178951,1112.26191247
1559149500,8700.0,8712.45106763,8700.0,8712.45106763,10029.63943001
1559149800,8691.35874514,8697.06213917,8691.35874514,8694.00000002,4374.65519526
1559150100,8687.61129355,8687.61129355,8677.44151598,8685.18678448,36191.0032379
1559150400,8685.67997215,8689.29363488,8685.67997215,8689.29363488,933.12463063
1559150700,8682.8112482,8685.99999992,8682.66305447,8683.66852613,400.36707948
1559151000,8685.00000004,8685.00000004,8682.81124795,8682.81124795,4529.13612624
1559151300,8688.85089205,8688.85089205,8688.85089204,8688.85089204,4935.14913831
1559151600,8690.40658996,8697.00210957,8690.40658996,8697.00210957,295.62565774
1559151900,8682.81124811,8689.24991263,8682.81124811,8684.15129426,4872.07623179
1559152200,8687.6087365,8687.94909002,8679.17567101,8682.8112481,1584.61293856
1559152500,8667.92106113,8683.01415778,8667.92106113,8680.23161993,2451.9879178
1559152800,8670.21620544,8670.21620544,8664.48509047,8667.92106113,276.75095585
1559153100,8673.79328776,8673.79328776,8661.06714109,8663.23067405,1842.68147189
1559153400,8667.80000001,8697.0,8664.63676446,8669.08826391,49048.63763344
1559153700,8673.68506394,8673.68506394,8667.99999999,8667.99999999,1076.21208048
1559154000,8666.86854163,8677.90646939,8666.86854163,8674.1037341,4430.04671231
1559154300,8662.0,8670.92773798,8662.0,8664.65167762,2331.97082184
1559154600,8672.0,8672.0,8662.81136301,8662.81136301,1469.67976237
1559154900,8672.10305132,8675.99999999,8672.10305132,8673.99999999,3594.54112559
1559155200,8650.76366103,8673.32921916,8646.75427485,8673.32921916,6497.88639857
1559155500,8646.75427485,8660.6,8646.75427485,8652.43943693,3428.31250845
1559155800,8657.87202728,8670.47779317,8646.75427486,8646.75427486,1525.7155398
1559156100,8653.22350835,8670.47779317,8653.22350835,8658.60790908,1120.04998357
1559156400,8668.0,8669.69999999,8662.93923855,8662.93923855,18.19644474
1559156700,8676.0,8676.0,8670.47779318,8670.47779318,434.53143353
1559157000,8680.73003448,8680.73003448,8676.17537107,8676.17537107,418.98411491
1559157300,8677.0,8682.34767725,8677.0,8680.73003448,3410.8322454
1559157600,8677.0,8678.81212798,8677.0,8677.0,3576.47498549
1559157900,8682.34767728,8682.34767728,8677.0,8677.0,3726.71771124
1559158200,8686.32999999,8686.33,8684.22212333,8684.99999999,1797.93370381
1559158500,8679.49458357,8686.32999965,8679.49458357,8682.45904786,224.39716753
1559158800,8677.0,8686.32999994,8677.0,8684.32999947,4500.59211315
1559159100,8677.0,8677.0,8677.0,8677.0,54.39672039
1559159400,8671.09999892,8673.49999992,8670.47779318,8670.47779318,1498.72023362
1559159700,8671.09999999,8671.1,8671.09999893,8671.09999893,2459.3620684
1559160000,8709.79999999,8709.9,8673.66953384,8673.66953384,10271.06814056
1559160300,8691.71805746,8694.23381125,8684.48388973,8694.23381125,2014.22278332
1559160600,8693.64847607,8698.79760488,8684.55283897,8698.79760488,5068.13627174
1559160900,8671.50390405,8693.23563447,8671.50390405,8693.23563447,6003.97469694
1559161200,8648.21673179,8671.1760848,8648.21673179,8671.1760848,4092.44359407
1559161500,8665.22597681,8665.22597681,8661.14724359,8661.14724359,239.88552222
1559161800,8658.60790908,8672.52923935,8658.60790908,8665.14260869,3084.38876705
1559162100,8657.19199415,8665.0,8657.19199415,8658.60790909,242.40221669
1559162400,8639.5881947,8650.19463134,8639.5881947,8650.19463134,2829.41540217
1559162700,8614.77376836,8646.73376632,8611.29064909,8646.73376632,12757.2667553
1559163000,8622.0,8625.15041582,8612.35555496,8625.15041582,3775.44409102
1559163300,8633.04065921,8650.23071826,8621.92116571,8621.92116571,48957.17962552
1559163600,8633.0,8642.82626597,8633.0,8642.82626597,6989.89898491
1559163900,8646.59301107,8646.59301107,8633.0,8633.0,9873.4812894
1559164200,8650.23071846,8650.23071846,8646.75427485,8646.75427485,1685.50329416
1559164500,8658.60790908,8658.60790908,8648.27233854,8650.23071846,1599.97802778
1559164800,8664.16983202,8665.73335872,8656.98352767,8658.60790908,2561.08262323
1559165100,8643.50819207,8653.58717996,8641.4001,8653.58717996,869.53283628
1559165400,8666.92709229,8667.60127585,8648.4,8648.4,3114.00882066
1559165700,8666.75138326,8666.75138326,8666.75138326,8666.75138326,1.27565913
1559166000,8656.0,8666.82707226,8648.73610071,8658.4,27152.59212845
1559166300,8648.73610071,8665.09693134,8648.73610071,8656.0,16073.60839758
1559166600,8639.0,8642.63161141,8635.5424009,8642.63161141,3870.00950325
1559166900,8644.53213584,8646.77824174,8644.53213584,8646.77824174,805.63404956
1559167200,8648.73610071,8648.73610071,8641.20327715,8641.20327715,2544.16939056
1559167500,8655.99999989,8655.99999989,8655.99999989,8655.99999989,181.77599999
1559167800,8670.7361007,8670.73610071,8655.9999999,8655.9999999,3035.14450554
1559168100,8677.42513734,8677.42513734,8670.73610071,8670.73610071,700.95967206
1559168400,8675.23648314,8680.74313283,8673.38251465,8673.38607853,731.00696258
1559168700,8672.46964583,8675.99999999,8666.92709232,8673.0,1418.51993069
1559169000,8676.0,8676.0,8668.0672642,8668.0672642,1963.79303258
1559169300,8675.53699152,8685.1371945,8675.53699152,8676.0,718.04634575
1559169600,8680.44966753,8681.3292632,8666.92709232,8675.53699152,3313.65197328
1559169900,8673.20265413,8675.16635173,8667.0063252,8671.26069193,595.12112282
1559170200,8669.80780746,8669.80780746,8657.82681887,8666.92709232,391.90691365
1559170500,8660.02675132,8672.45028337,8658.76249304,8661.74813532,8713.7009361
1559170800,8676.02736575,8676.02736575,8661.57588125,8661.57588125,1695.8860103
1559171100,8676.02736575,8676.02736575,8676.02736574,8676.02736575,170.16509373
1559171400,8672.70903894,8676.02736575,8666.4,8676.02736574,682.18085348
1559171700,8657.90573407,8657.90573407,8657.82681887,8657.82681887,136.39388179
1559172000,8648.7172611,8657.82681887,8648.7172611,8657.82681887,864.7612075
1559172300,8637.443597,8648.36027931,8637.443597,8645.15767612,1172.96523663
1559172600,8622.30032293,8635.54240091,8615.73400732,8635.54240091,1552.81207674
1559172900,8617.88444888,8646.80000041,8617.88444888,8622.30032293,31907.89168541
1559173200,8625.0,8633.0,8620.0,8628.23989407,21225.58363615
1559173500,8639.65492781,8640.84,8625.0,8629.99999941,8376.08266645
1559173800,8642.0,8642.0,8639.6549278,8639.6549278,3450.57890839
1559174100,8653.0,8653.0,8639.6,8639.65492781,32781.709969
1559174400,8620.0,8655.09999999,8620.0,8655.09999999,20288.0532522
1559174700,8619.79514836,8622.98819803,8603.42548843,8622.98819803,68190.05868931
1559175000,8613.0685809,8630.58329016,8612.46858044,8619.79514839,34702.19758644
1559175300,8612.46858043,8612.62494211,8600.0,8612.46858044,31414.70747216
1559175600,8632.92801205,8632.92801205,8608.80123501,8609.17995768,5631.8737411
1559175900,8625.08731168,8633.96501626,8621.52117797,8633.96501626,1416.79995682
1559176200,8657.82681887,8657.82681887,8633.96501626,8633.96501626,6927.21360865
1559176500,8656.67594142,8656.67594142,8648.73610071,8653.60000001,13138.15631406
1559176800,8666.92709231,8666.92709231,8649.78859124,8649.78859124,556.14282098
1559177100,8655.66496612,8665.52681888,8655.66496612,8665.52681888,3414.38236375
1559177400,8649.78870104,8665.89999977,8649.78870006,8656.9287658,6979.75540949
1559177700,8670.39255956,8670.39255956,8666.0,8666.92709231,661.80525009
1559178000,8709.1950779,8720.20000002,8670.39255956,8670.39255956,45771.96873369
1559178300,8699.0914757,8717.12205588,8699.0914757,8709.52831455,11926.69387187
1559178600,8699.64483923,8708.13128148,8694.12392482,8699.0914757,5803.56741128
1559178900,8695.75897139,8700.01598381,8693.45054241,8693.45054241,21.82890106
1559179200,8675.2074345,8695.15271502,8675.2074345,8695.15271502,13326.82584731
1559179500,8670.65221321,8670.65221321,8659.46265612,8667.35572573,57778.85112615
1559179800,8676.02736577,8676.02736577,8670.65221321,8670.65221321,1492.55345121
1559180100,8653.2305633,8689.42892319,8653.2305633,8685.05449536,27385.70927456
1559180400,8623.19038681,8650.78606981,8600.72505987,8650.78606981,152895.87100198
1559180700,8571.89883186,8628.99999999,8556.9260559,8621.9991488,75861.08965973
1559181000,8600.83507039,8612.24842874,8572.16496248,8572.16496248,27077.27516017
1559181300,8620.67467,8620.67467,8603.44,8603.44,13950.19515693
1559181600,8594.47088302,8614.0061678,8593.41801938,8614.0061678,22289.91311437
1559181900,8603.42548843,8605.41893554,8594.03937622,8605.41893554,3249.413501
1559182200,8594.39189167,8610.4602865,8594.39189167,8603.42548843,1481.25865379
1559182500,8578.67741707,8594.39189167,8566.1699695,8594.39189167,7853.64173059
1559182800,8594.39189167,8594.39189167,8579.30248855,8579.30248855,507.95713122
1559183100,8584.35787107,8597.98473405,8584.35787107,8593.99999999,6514.2261842
1559183400,8576.25223429,8593.47679288,8568.75843584,8578.75843588,8735.04375982
1559183700,8573.08570237,8574.34035868,8550.98881605,8563.90436076,16870.35966087
1559184000,8593.6,8593.6,8568.27882431,8577.51136127,13696.06869224
1559184300,8603.42548843,8603.42548843,8580.22101713,8590.78065808,13246.75922437
1559184600,8574.33600822,8603.64024228,8574.33600822,8603.42548843,29154.1646987
1559184900,8588.7548355,8595.63987487,8576.84631965,8576.84631966,72986.26611562
1559185200,8590.7800009,8594.02117524,8588.7548355,8588.7548355,18009.22713205
1559185500,8590.89346446,8596.54412458,8590.38328778,8590.78000058,12474.00719517
1559185800,8625.86488525,8625.86488525,8599.98411824,8599.98411824,8171.31155451
1559186100,8625.86488525,8625.86488525,8625.86488525,8625.86488525,33.31127875
1559186400,8622.18621184,8638.70661999,8613.59238553,8625.86488526,8614.97102459
1559186700,8623.28042762,8623.28042762,8621.52117768,8621.52117768,1883.08435773
1559187000,8624.96978621,8632.01378699,8604.67238987,8622.07944968,2608.68499568
1559187300,8650.0,8655.913719,8628.41977425,8628.41977425,14536.7424109
1559187600,8656.39303524,8656.39303524,8643.29175348,8650.0,8275.76944684
1559187900,8660.0,8660.00000003,8656.04561377,8656.57390651,3764.8885228
1559188200,8681.77398786,8684.50739661,8660.1222425,8660.1222425,5144.23154159
1559188500,8684.84158582,8686.0,8678.12359514,8685.1371945,3951.05774361
1559188800,8680.0,8690.0,8680.0,8681.29661665,2362.00334626
1559189100,8666.22503555,8680.12709331,8658.69324223,8680.0,51915.96378282
1559189400,8666.17022723,8669.09999995,8657.82681887,8661.28994961,12068.90563161
1559189700,8676.02736577,8676.02736577,8664.5601073,8666.17022723,6129.07500273
1559190000,8671.11054894,8690.0,8671.11054894,8685.13719447,10690.5137959
1559190300,8664.5601073,8671.2,8664.5601073,8671.2,7922.50032958
1559190600,8671.0,8671.0,8664.5601073,8664.5601073,6878.94411377
1559190900,8667.00000004,8671.0,8666.2000001,8666.2000001,501.40376269
1559191200,8667.80000028,8671.0,8667.00000003,8667.00000004,255.01857111
1559191500,8685.1,8693.7065,8676.90000038,8685.08644266,8940.43464201
1559191800,8686.0,8693.70649976,8685.10000001,8693.70649976,14908.87150521
1559192100,8676.73102427,8687.12689032,8676.73102425,8686.0,1499.75461293
1559192400,8697.74208108,8698.74136123,8684.45045103,8685.08644288,5753.52487951
1559192700,8738.01152436,8746.0,8698.6616522,8698.74136123,58413.80038917
1559193000,8741.57854673,8750.39081831,8731.26293991,8734.88886729,9397.46457514
1559193300,8713.79845256,8749.99999993,8711.42217719,8749.99999993,5280.90228611
1559193600,8707.52170063,8724.92708014,8702.70757592,8724.4781921,5768.84559909
1559193900,8708.44186621,8726.52794091,8708.44186621,8708.91200116,5104.82595408
1559194200,8720.62090814,8720.62090814,8702.70757592,8702.70757592,2025.38763479
1559194500,8718.81315248,8729.03050029,8717.70769129,8728.78248598,3352.99536642
1559194800,8713.86041178,8729.03050019,8713.86041178,8729.03050019,5301.62548685
1559195100,8714.14943581,8714.14943581,8714.14943581,8714.14943581,249.73880868
1559195400,8706.58918019,8718.99999998,8706.58918019,8716.42751797,3283.74416546
1559195700,8704.07026966,8705.0,8700.0,8705.0,2084.69111753
1559196000,8712.01276666,8715.09999998,8705.0,8705.0,3624.78690783
1559196300,8712.60292137,8712.60292137,8701.50009093,8705.29999999,10.90092203
1559196600,8711.15052205,8720.18331958,8711.15052205,8716.6,3576.19492134
1559196900,8724.83129478,8724.91802294,8710.30698204,8710.30698204,844.13170893
1559197200,8728.94941412,8728.94941412,8724.91802294,8724.91802294,548.26281649
1559197500,8715.54358522,8726.1997904,8715.28882262,8725.8210064,1619.50627001
1559197800,8722.28500219,8725.49026679,8717.60416359,8724.89999998,3194.40376721
1559198100,8720.5480474,8728.17390745,8720.5480474,8724.61056861,53.71653577
1559198400,8703.84939765,8718.12972214,8701.67074291,8718.12972214,6682.85571929
1559198700,8710.8,8711.59259463,8707.8,8710.8,579.04386735
1559199000,8710.0,8711.59259463,8710.0,8711.59259463,5411.76492126
1559199300,8707.36199237,8711.44549368,8700.0,8711.44549368,18430.08106724
1559199600,8693.476,8709.33337328,8690.0,8700.0,211069.60710436
1559199900,8694.99853907,8707.59999999,8686.79758249,8693.476,149901.56446352
1559200200,8706.58123025,8706.58123025,8694.29673135,8694.99853907,40210.30293435
1559200500,8706.58123026,8709.33337325,8704.58122996,8704.58122996,4153.57373819
1559200800,8706.58123027,8706.58123027,8700.91802293,8702.94941666,15087.77016769
1559201100,8712.23713195,8720.6103,8706.49540372,8706.58123027,15231.30465777
1559201400,8714.13833515,8719.29999996,8705.38829577,8705.38829577,14079.21266198
1559201700,8706.00000002,8720.0,8706.00000002,8714.59975346,5326.06093226
1559202000,8715.66671713,8724.39999999,8709.63010133,8712.18604808,8508.03895252
1559202300,8708.74912712,8715.6755075,8708.63421342,8715.6755075,5230.6706828
1559202600,8702.06629155,8712.78724346,8700.91802293,8708.63421342,2949.92467759
1559202900,8690.16073427,8704.22510926,8690.16073427,8700.91802293,844.32229588
1559203200,8707.61148544,8707.61148544,8693.20054025,8693.20054025,18527.53741347
1559203500,8702.38536691,8708.63421313,8700.32249996,8700.32249996,2559.46472486
1559203800,8715.00893066,8715.00893066,8696.5596504,8696.5596504,171.39371944
1559204100,8708.63421342,8716.30434025,8708.63421342,8715.00893067,812.11048665
1559204400,8688.06073808,8709.87937909,8687.03192231,8708.63421342,13136.92534454
1559204700,8693.68648527,8701.74200667,8670.0,8687.0319223,123830.69751603
1559205000,8683.05815256,8700.29999964,8676.92562737,8694.81899427,55537.40331778
1559205300,8699.0743018,8701.7420067,8682.73156828,8683.05815256,14784.37238332
1559205600,8686.31021966,8704.29999992,8686.31021966,8699.0743018,21609.72230038
1559205900,8676.19280865,8699.50794138,8672.12962589,8686.31021966,140153.33528028
1559206200,8686.40653552,8686.40653552,8676.19280865,8676.19280865,9478.41599196
1559206500,8687.40000001,8691.88800136,8685.00000007,8685.00000007,637.16935964
1559206800,8702.4000016,8703.20471963,8687.40000114,8697.27228959,565.40677542
1559207100,8704.34139588,8709.44770801,8702.4000016,8702.4000016,1894.13276833
1559207400,8699.65258179,8707.94651261,8692.88344024,8704.34139617,3212.79237811
1559207700,8694.17419739,8700.92626089,8694.17419739,8699.65258173,669.99952406
1559208000,8695.10828021,8695.10828022,8692.78060787,8692.78060787,1681.36937159
1559208300,8694.06263498,8697.19450341,8691.80438459,8695.10828022,469.23407679
1559208600,8682.49999999,8692.31626622,8682.49999999,8692.31626622,11335.1508632
1559208900,8685.27982184,8685.27982184,8682.49999998,8682.49999998,106.45905618
1559209200,8703.70738225,8703.70738225,8687.58401449,8687.649907,14595.1477235
1559209500,8695.48635544,8703.2170026,8695.48635543,8697.0683725,2065.7920061
1559209800,8704.5760153,8704.5760153,8698.91904002,8698.91904002,5441.84629639
1559210100,8707.66306493,8714.0,8704.5760153,8704.5760153,5905.53297621
1559210400,8711.9999999,8714.0,8704.3384688,8707.66306493,3552.44512855
1559210700,8733.88151695,8740.69058286,8711.9999999,8711.9999999,267863.58788156
1559211000,8742.40981905,8753.1367731,8729.3030575,8732.41612047,56085.19822021
1559211300,8732.00000005,8747.96825262,8728.64315114,8744.62752581,99897.59280073
1559211600,8743.00139985,8743.36513178,8732.00000005,8743.36513178,14766.70082469
1559211900,8738.3481253,8746.88754056,8735.42850242,8743.00139985,13041.63869575
1559212200,8760.42572355,8770.0,8738.3481253,8746.88754056,44583.32776311
1559212500,8731.11787396,8762.3,8731.11787395,8760.42572349,5447.81299971
1559212800,8726.5,8734.95424146,8721.65603968,8732.00000002,91620.56739509
1559213100,8724.56023465,8739.97307814,8723.4505998,8732.05082809,17958.01630915
1559213400,8726.58531803,8738.69999995,8723.4505998,8723.4505998,11100.14534657
1559213700,8727.9,8728.2,8726.58531806,8726.58531807,27350.14174039
1559214000,8739.55742681,8740.05082808,8727.4,8727.4,25704.29517705
1559214300,8769.99999972,8773.87298105,8734.84844232,8739.55742681,105904.05341032
1559214600,8750.0,8768.99999993,8750.0,8752.71000053,12043.70774839
1559214900,8733.94113218,8751.99999992,8733.94113204,8750.0,17504.28299308
1559215200,8730.09252254,8749.89999706,8729.95765879,8733.94113216,11307.1732984
1559215500,8747.11064043,8747.11064043,8730.00000003,8730.09252254,8233.26311355
1559215800,8755.57269754,8755.57269754,8747.00000001,8748.31316037,7938.7988608
1559216100,8750.0,8750.5,8750.0,8750.0,9363.37992435
1559216400,8727.9,8750.01466211,8727.4,8750.0,18531.30376159
1559216700,8741.55753641,8742.92546085,8729.2,8730.00999999,9390.30900734
1559217000,8727.4,8737.93132718,8727.4,8732.31207981,5779.38477002
1559217300,8720.82439066,8732.59999993,8720.00000019,8730.0,9073.69832746
1559217600,8700.93402207,8722.04592321,8700.37075866,8720.00000001,29457.17095127
1559217900,8698.99999999,8709.93402196,8693.86743457,8703.59946468,18059.83578075
1559218200,8707.96568695,8710.0,8698.91661405,8698.99999999,37886.70983175
1559218500,8717.23608744,8720.07266117,8706.83701405,8707.96568696,39989.52142954
1559218800,8729.18482326,8729.18482326,8717.23608743,8717.23608743,27838.16479958
1559219100,8730.0,8730.63398999,8728.0,8729.18482326,2567.27556744
1559219400,8729.00000001,8735.89474328,8728.00000001,8730.63399,1614.95437912
1559219700,8733.32975242,8733.32975242,8728.0,8729.00000001,849.10416398
1559220000,8726.6,8737.8872323,8726.6,8733.32975242,2788.7984195
1559220300,8710.33461961,8727.68037168,8710.33461952,8727.68037167,1473.52338615
1559220600,8716.63776577,8726.6,8710.60000011,8710.60000011,1439.77121475
1559220900,8716.12110929,8716.35175684,8705.7,8716.35175684,8140.04146617
1559221200,8718.64306614,8718.64306614,8712.64306613,8712.64306613,350.14942262
1559221500,8721.17100281,8721.17100281,8716.4,8718.64306614,5808.32703544
1559221800,8722.0,8722.0,8721.17100281,8721.17100281,43.75370778
1559222100,8738.01580846,8738.01580846,8726.6,8726.6,959.6045559
1559222400,8730.90984785,8740.81214109,8730.90984785,8739.1183989,6131.80123706
1559222700,8716.73482476,8729.00000001,8709.93908798,8728.15768815,50165.63197501
1559223000,8723.77452185,8723.77452185,8717.96468269,8718.42239196,4037.41024075
1559223300,8716.82760973,8721.94163833,8714.0,8720.59791769,12440.6765079
1559223600,8711.15740198,8712.73051875,8710.0,8712.73051875,198.33517235
1559223900,8725.13768521,8725.13768521,8714.64186493,8714.64186493,10623.4775893
1559224200,8715.95374442,8725.13768521,8715.95374442,8724.83446242,580.49239939
1559224500,8710.0,8723.53033353,8710.0,8722.81139053,33775.79427519
1559224800,8714.59416547,8720.21608068,8709.54011423,8710.0,1017.76722871
1559225100,8714.50000004,8719.69709789,8714.5,8719.69709789,861.90227908
1559225400,8717.3,8720.0,8712.6,8714.50000003,2164.48355566
1559225700,8712.49483478,8717.30000003,8712.49483478,8717.3,14998.83975039
1559226000,8711.15795079,8711.15795081,8711.15795078,8711.15795078,1656.0916532
1559226300,8708.66370606,8713.00019992,8708.66370606,8713.00019992,21935.54869525
1559226600,8702.53309575,8708.66370606,8701.32864121,8708.66370606,45173.30290981
1559226900,8702.5331,8702.8855947,8702.53309575,8702.53309575,16266.50723269
1559227200,8721.00000001,8721.00000001,8701.52456426,8702.8855947,29138.49787348
1559227500,8721.46219215,8722.0,8711.34883416,8721.00000001,13641.45781751
1559227800,8705.0,8721.46219212,8705.0,8721.46219212,133.10611227
1559228100,8700.15039664,8711.70455753,8700.0,8705.0,1664.50262562
1559228400,8723.98767523,8723.98767523,8700.15039664,8700.15039664,15557.88870066
1559228700,8723.98767523,8723.98767523,8718.0,8723.98767523,1581.43491081
1559229000,8721.80667834,8723.98767523,8721.80667834,8723.98767523,375.09053715
1559229300,8717.8229125,8723.40000003,8715.16744886,8723.40000003,156.71723911
1559229600,8732.82356965,8732.82356965,8722.8229126,8722.8229126,1099.88480144
1559229900,8725.36664457,8735.60000001,8725.36664453,8732.82356965,15278.31883068
1559230200,8729.96036418,8734.81077214,8725.36664453,8727.2277674,1779.99275138
1559230500,8727.77787415,8729.96036418,8726.6,8727.77787411,1554.29586855
1559230800,8780.0,8780.0,8729.5,8729.96036417,136840.75603447
1559231100,8846.46,8850.0,8776.64078457,8776.76175306,151263.73268776
1559231400,8853.0,8860.0,8840.0,8846.46,81672.69805308
1559231700,8950.0,8950.0,8850.0,8853.0,189195.13541607
1559232000,9027.818975,9050.0,8931.4688769,8931.4688769,494597.02714733
1559232300,8995.08663098,9050.46826904,8970.9621552,9030.47238552,177360.24783195
1559232600,8806.51882047,9003.87866772,8806.51882047,8995.08663098,155935.44920346
1559232900,8666.85187616,8863.79871122,8622.18457669,8863.79871122,623508.73388155
1559233200,8700.0,8727.9307682,8642.87774969,8668.38797313,119722.27770448
1559233500,8695.6409578,8732.35605353,8695.61017969,8700.0,43710.06942086
1559233800,8680.0,8710.0,8660.2421,8691.76080001,62895.78990417
1559234100,8674.77516418,8692.37631781,8630.0,8680.0001,76895.40398147
1559234400,8678.25790867,8702.6153708,8664.39300005,8674.77516419,23267.26110128
1559234700,8683.22437243,8686.45446545,8672.05308961,8684.00161307,18161.76080874
1559235000,8661.92561778,8686.718167,8657.08465491,8686.718167,355494.55697778
1559235300,8649.62768169,8665.87448073,8629.60092327,8661.1451037,483370.53078338
1559235600,8620.11,8662.40813087,8578.88675325,8648.55659153,158006.43517984
1559235900,8570.79736922,8630.37785132,8530.76669515,8630.37785132,232186.91430149
1559236200,8585.3914086,8613.62124189,8567.01726921,8574.39868462,117934.7685768
1559236500,8616.37776277,8628.31836564,8566.12,8583.79829263,81180.64316655
1559236800,8611.35447882,8628.31836564,8604.79657572,8611.16509416,26799.74941695
1559237100,8610.17442158,8623.5,8590.27900417,8611.39394016,7611.51323855
1559237400,8622.45676397,8625.53809999,8600.0,8600.0,83382.1346402
1559237700,8600.22150269,8625.53775981,8600.22150269,8620.0,22117.94149368
1559238000,8625.93870706,8625.93870706,8608.23993956,8608.23993956,31172.9303396
1559238300,8620.0,8633.90536427,8620.0,8620.03003043,36728.72179382
1559238600,8606.1381596,8633.90536427,8606.1381596,8620.0,32850.52789965
1559238900,8604.79657569,8612.50721167,8584.7,8607.13037959,19307.03188592
1559239200,8590.0,8604.79657569,8571.16509406,8599.84111968,6880.51327715
1559239500,8596.64693721,8600.12574485,8579.91501716,8599.0,69309.6119269
1559239800,8604.79657569,8604.79657569,8591.0,8598.17031259,4484.3619762
1559240100,8619.00223831,8619.3386819,8604.79657569,8604.79657569,21346.36559643
1559240400,8604.98264248,8617.13594887,8600.94397075,8617.13594887,24235.82645071
1559240700,8602.2,8612.99155923,8602.19115553,8606.67740007,12784.20255183
1559241000,8590.27900417,8612.33775424,8576.32957611,8600.94397091,24700.05337081
1559241300,8590.27902944,8614.83625355,8590.27902944,8595.0,3055.22550287
1559241600,8615.52944872,8623.92475781,8576.80000038,8590.27907564,110137.14464871
1559241900,8630.0,8630.0,8613.35013621,8613.35013621,16423.58526841
1559242200,8637.975,8637.975,8625.5,8630.0,2170.94659384
1559242500,8644.5383687,8647.38615302,8630.33,8637.90536426,5438.93389697
1559242800,8655.74669987,8659.99999998,8644.53836869,8644.5383687,34876.01171847
1559243100,8642.6,8642.6,8633.53420829,8640.00249203,19715.36615542
1559243400,8643.4999998,8646.56989999,8638.3355356,8646.56989999,9672.90262179
1559243700,8648.49666434,8648.49666434,8643.49999999,8643.49999999,2305.26081573
1559244000,8652.29979997,8655.53599948,8648.93,8648.93,4726.62008838
1559244300,8641.5,8649.89999997,8641.5,8648.93,49916.2335332
1559244600,8645.09979979,8647.03999987,8630.32999455,8641.5,35060.20430093
1559244900,8630.60938702,8642.84999992,8630.32999455,8631.6005681,2216.29381008
1559245200,8600.0,8640.69999831,8575.76143265,8631.0,72679.72956802
1559245500,8600.0,8611.49999966,8590.48848462,8611.49999966,4385.30697809
1559245800,8594.35421633,8600.0,8590.48848462,8600.0,4977.43934443
1559246100,8620.3734,8620.3734,8605.32485683,8605.32485683,6919.53552957
1559246400,8596.57446678,8621.00000003,8570.5639179,8621.00000003,40988.32708976
1559246700,8555.7212302,8604.79657569,8555.7212302,8604.79657569,297960.83346701
1559247000,8565.39317546,8578.3741389,8546.79985224,8555.7212302,46083.31259917
1559247300,8527.07717606,8567.13358528,8503.54076728,8565.39317546,136988.43659358
1559247600,8510.0,8517.93607926,8500.0,8517.93607926,84525.74074402
1559247900,8533.92057731,8546.79985224,8431.49563143,8501.27484976,188953.0288443
1559248200,8505.56837776,8533.92057731,8491.6802832,8533.92057731,184945.50260964
1559248500,8520.71474994,8539.66300865,8507.72673968,8508.98060911,246703.93126729
1559248800,8520.9145,8527.12464253,8511.21014728,8527.12464253,7726.8059119
1559249100,8471.27235808,8520.91388314,8471.27235808,8515.30139386,4639.11372581
1559249400,8487.77978945,8502.98656565,8471.27235808,8502.98656565,23328.02236425
1559249700,8474.82308645,8474.82308645,8457.12074195,8472.5940719,20487.06413475
1559250000,8498.21506523,8498.21506524,8473.0,8474.82306113,2639.69396618
1559250300,8471.99987678,8500.0,8471.99987678,8498.07857545,17788.86838846
1559250600,8435.3444,8479.99985706,8422.41890575,8466.99999997,125693.27490845
1559250900,8317.08814333,8435.3444,8313.0,8435.3444,438347.28001533
1559251200,8261.6158033,8355.09000085,8261.6158033,8337.93609999,918254.6390632
1559251500,8218.03605525,8261.6158033,8053.00000001,8261.6158033,651010.00764796
1559251800,8171.99999999,8277.03703043,8131.90010001,8218.03605525,259301.68867596
1559252100,8296.00000081,8296.00000085,8152.88628701,8171.99999998,77499.1768592
1559252400,8223.88675324,8317.27465328,8223.88675324,8296.00000082,163139.09618134
1559252700,8236.50000087,8271.15202825,8190.57246876,8242.87964181,83414.55628222
1559253000,8200.0,8248.96926806,8189.00000001,8236.50000087,256678.65575928
1559253300,8229.77692996,8230.59999995,8199.99999999,8200.0,62011.43497132
1559253600,8210.24670768,8227.06052099,8189.59445031,8212.11,149010.17371111
1559253900,8263.92334234,8279.96227659,8204.9,8206.962609,91137.48569274
1559254200,8286.48915969,8286.48915969,8249.59147752,8263.92334233,50349.23393158
1559254500,8272.97764473,8316.1537333,8264.48025994,8286.48915969,66007.21792685
1559254800,8285.58420258,8294.61704726,8255.73600001,8264.52915,29899.74899166
1559255100,8255.32217625,8294.61704718,8252.14617639,8294.61704718,61672.18762628
1559255400,8278.44615944,8280.80000079,8247.81463912,8259.45289865,18791.36457921
1559255700,8279.15894527,8281.12854471,8268.30000065,8276.28816,28739.1926402
1559256000,8279.15894526,8308.0,8279.15894526,8279.15894532,10637.70071729
1559256300,8297.96369477,8297.9636948,8290.55014859,8291.22979945,9846.39422943
1559256600,8261.53434761,8303.21391996,8247.30543209,8297.96369481,31541.78636457
1559256900,8273.353618,8284.93641594,8259.29669897,8269.4696698,38223.18953875
1559257200,8260.0,8275.63474829,8260.0,8273.353618,30158.18452832
1559257500,8230.91876615,8256.62541675,8198.72237046,8256.62541675,113971.23192608
1559257800,8223.2191946,8248.52883438,8223.2191946,8240.61926849,6821.67764185
1559258100,8236.59629372,8237.40365825,8221.26031204,8233.26211594,17801.0200566
1559258400,8243.57072507,8243.85017154,8243.0,8243.85017154,3845.60409492
1559258700,8252.67475731,8252.67475731,8243.57072384,8243.57072398,32629.98213674
1559259000,8282.63642673,8282.63642673,8255.59282951,8262.11520424,16096.33732097
1559259300,8280.95627107,8305.95407117,8280.95627107,8282.63642673,13990.17659687
1559259600,8286.0,8286.00000004,8285.26031204,8285.26031204,2221.84207983
1559259900,8299.36708561,8302.29699955,8292.548278,8292.548278,12935.98249776
1559260200,8280.0,8292.43317169,8279.0,8287.96909988,18860.04707065
1559260500,8275.24969776,8279.49390793,8262.25843614,8279.0,16002.6235755
1559260800,8326.42035814,8328.35258396,8273.86,8273.86,174329.84534346
1559261100,8328.69999996,8345.89999997,8317.50000087,8319.1460938,70178.62399791
1559261400,8320.0,8335.94038386,8320.0,8335.94038386,2488.5679161
1559261700,8307.3783216,8328.29999999,8307.3783216,8325.67139332,16694.23361193
1559262000,8325.24904321,8325.24904321,8313.15030756,8313.15030756,7715.41650533
1559262300,8318.94936123,8324.0,8315.9,8315.9,3078.1113244
1559262600,8334.46996426,8335.83999998,8323.99999999,8324.0,3268.92863466
1559262900,8332.01509708,8339.2,8330.0,8331.85617987,4062.14621522
1559263200,8320.5,8330.56485909,8312.02920384,8330.56485909,20010.3259307
1559263500,8308.0,8320.5,8308.0,8311.29152351,63414.42225954
1559263800,8314.97126098,8314.97126098,8304.83531215,8307.3783216,4855.85976727
1559264100,8315.00791621,8319.91895773,8311.25787438,8314.97126098,7154.90103273
1559264400,8316.0,8317.08314049,8315.32643558,8315.32643558,4251.06317794
1559264700,8332.80707849,8333.5,8325.42079838,8325.42079838,3747.09395946
1559265000,8344.89844157,8344.89844157,8333.89999999,8333.89999999,16929.9983535
1559265300,8346.14568987,8346.14568987,8344.89844157,8344.89844157,14524.36730775
1559265600,8361.47915969,8361.47915969,8346.1,8346.1,24802.71272868
1559265900,8366.70074329,8366.70074329,8355.24493811,8361.47915969,23927.00927715
1559266200,8363.00426825,8375.58630989,8363.00426825,8366.70074329,36769.38126742
1559266500,8362.70650016,8366.54649885,8353.68669717,8363.17046755,13838.63591554
1559266800,8383.18198183,8383.18198183,8366.54649885,8366.54649885,757.21321621
1559267100,8383.1819818,8383.18198183,8383.1819818,8383.18198183,441.32607655
1559267400,8353.78669717,8382.98195181,8351.84605621,8382.9819518,6718.96672845
1559267700,8345.4738165,8353.68669717,8343.4738165,8353.68669717,14157.6161561
1559268000,8325.0001556,8345.4738165,8325.00015557,8345.4738165,3711.17663085
1559268300,8310.0,8323.23607641,8310.0,8323.23607641,11671.03060141
1559268600,8325.10000113,8325.10000113,8313.86037517,8313.8603752,3443.69490108
1559268900,8321.09701414,8321.09701414,8321.09701414,8321.09701414,2.98852199
1559269200,8336.92524577,8340.23394545,8325.10000113,8325.10000113,1311.50035566
1559269500,8343.32799965,8343.32799969,8320.30000001,8336.92524577,380.08848844
1559269800,8349.64146916,8349.64146916,8343.32799963,8343.32799963,1059.37759994
1559270100,8349.64146916,8349.64146916,8349.64146915,8349.64146916,2790.58644514
1559270400,8349.64000022,8353.13623605,8349.64000022,8349.64146916,2911.55921829
1559270700,8331.70000013,8353.13623603,8331.70000013,8353.13623602,2771.20718951
1559271000,8313.37499753,8326.70592131,8291.39889781,8326.70592131,63654.30819451
1559271300,8300.26241288,8302.36686996,8286.9,8288.88675323,22762.91772019
1559271600,8290.01555872,8296.15257187,8258.79254001,8296.15257187,49400.07488881
1559271900,8254.97296012,8272.46972539,8229.74911202,8272.46972539,138680.12096105
1559272200,8270.0,8280.73396384,8253.33859249,8253.33859249,5299.11848589
1559272500,8293.6193077,8297.27000201,8270.0,8273.57359355,38049.64847493
1559272800,8290.78921622,8297.3404398,8290.78921622,8296.95139641,8000.256282
1559273100,8254.70849987,8282.41944496,8254.70849987,8282.41944496,23225.99982301
1559273400,8239.89521383,8250.65647241,8239.89521383,8250.53060682,631.18899975
1559273700,8238.5095024,8239.79199911,8217.88254147,8239.79199911,4487.79137957
1559274000,8255.61456571,8255.61456571,8248.79883845,8248.79883845,20130.54979047
1559274300,8256.72460627,8267.78224493,8245.3402544,8245.3402544,21175.36120123
1559274600,8276.23136945,8276.23136945,8261.2877665,8261.2877665,2435.0747784
1559274900,8272.5535098,8278.41177899,8272.5535098,8273.62080803,1265.12380479
1559275200,8285.13902252,8285.13902252,8267.77564961,8267.77564962,6873.03991535
1559275500,8264.98318291,8285.13902251,8258.40000001,8285.13902251,14637.76869514
1559275800,8253.47878402,8266.52077772,8252.05288343,8264.98318291,5410.73599156
1559276100,8266.0,8267.39172084,8247.98816701,8267.39172084,91340.39734171
1559276400,8268.0,8273.55232643,8258.52066158,8271.47447302,30921.77615888
1559276700,8249.0,8267.33340709,8249.0,8267.33340709,13822.37266193
1559277000,8202.56679828,8249.0,8200.0,8249.0,88884.57803812
1559277300,8183.91379367,8231.43268881,8183.91379367,8209.13016414,104824.6099071
1559277600,8226.0379811,8233.92816749,8175.7242102,8184.74946051,47685.47633132
1559277900,8200.49563014,8233.17210476,8197.02369326,8232.17039201,24409.02837632
1559278200,8179.4,8205.72971026,8151.2893461,8204.57552475,63505.80213985
1559278500,8161.31458313,8191.1136068,8161.31458313,8178.20999634,12561.67824061
1559278800,8160.31458314,8160.31458314,8117.09170448,8155.98768213,130885.50079917
1559279100,8149.6,8164.0608504,8137.28189497,8160.31458314,40450.90764131
1559279400,8191.3087994,8205.56276336,8164.0608504,8164.0608504,83915.30496735
1559279700,8175.41666115,8191.3087994,8175.41666115,8191.3087994,13719.7701286
1559280000,8205.8497308,8212.83999501,8178.34026333,8178.34026333,52910.68302683
1559280300,8221.68411398,8221.68411398,8203.34671245,8203.34671245,17617.04868186
1559280600,8190.58460115,8221.68411397,8189.81776398,8221.68411397,38460.97274705
1559280900,8220.23540835,8220.23540835,8192.59735008,8193.31243249,17988.21148017
1559281200,8235.90768274,8245.99999998,8218.8842769,8226.48915969,1170.02357905
1559281500,8247.11132979,8251.23874964,8243.55686943,8243.55686943,11961.74755158
1559281800,8254.20000001,8256.48915969,8251.23874964,8251.23874964,3490.9425983
1559282100,8247.2797457,8265.0,8247.2797457,8256.48915972,16850.01403298
1559282400,8265.0,8265.0,8255.69999999,8255.69999999,70816.54877098
1559282700,8269.42379166,8269.42379166,8259.44883629,8259.44883629,45777.17360819
1559283000,8273.76465876,8297.0,8271.48915972,8271.48915972,5493.5922562
1559283300,8281.65258912,8284.9455784,8270.45647581,8284.9455784,809.17073067
1559283600,8280.5019205,8280.50192051,8272.98351359,8277.91557032,9070.97948338
1559283900,8297.8090723,8308.9,8279.91819295,8279.91819295,4702.76111843
1559284200,8281.3,8300.38682521,8280.0,8300.38682521,2101.06190106
1559284500,8279.5856624,8285.7,8279.5856624,8285.7,21864.02544779
1559284800,8293.41996154,8305.0,8288.21322505,8300.34656255,56624.32117018
1559285100,8296.21788912,8305.86404236,8296.21788912,8296.21788912,11823.47840157
1559285400,8288.21,8301.34468151,8288.21,8296.21788912,9726.75462472
1559285700,8299.16027463,8299.16027463,8288.21,8288.21,90.33343298
1559286000,8312.4255958,8312.67,8306.00999998,8306.00999998,173.71764936
1559286300,8289.99999997,8314.41799213,8277.38216101,8312.4255958,29274.9963825
1559286600,8275.06498122,8293.2095651,8271.10000001,8289.99999997,42162.58990071
1559286900,8263.66805352,8270.4074057,8260.65441242,8270.4074057,802.99715456
1559287200,8270.4074057,8270.4074057,8268.63619895,8268.63619895,424.1409251
1559287500,8269.72984792,8270.4074057,8266.97352076,8269.72302911,3173.06915495
1559287800,8264.96983111,8270.40740569,8264.96983111,8269.72984792,5857.42903441
1559288100,8270.40740569,8270.4074057,8270.40740568,8270.4074057,87.46203943
1559288400,8260.4410161,8270.40740569,8260.4410161,8270.40740569,7192.72140132
1559288700,8270.4074057,8270.4074057,8253.55225356,8256.4504697,30264.83353561
1559289000,8289.6894484,8289.6894484,8282.0,8282.99999998,6076.59441281
1559289300,8311.26364245,8319.7298478,8282.53109139,8288.0,13175.3316754
1559289600,8316.49468807,8319.72984755,8316.24620426,8316.24620426,12775.8972869
1559289900,8294.1958687,8316.41265806,8294.1958687,8316.41265806,4121.22395719
1559290200,8294.1958687,8294.1958687,8294.19586869,8294.19586869,3465.97774019
1559290500,8308.16649284,8311.28192735,8294.1958687,8294.1958687,8553.35162976
1559290800,8306.69334376,8309.16623867,8301.77419932,8308.16649284,12567.23813521
1559291100,8314.33950879,8314.3395088,8313.27963243,8313.27963243,3814.67634385
1559291400,8316.53999996,8316.53999996,8311.7,8314.34,486.65235166
1559291700,8331.17911787,8331.1791179,8313.67190845,8313.67190845,4028.660579
1559292000,8305.703362,8327.26700942,8301.0,8327.26700942,5267.85642377
1559292300,8307.56031607,8307.56031607,8288.75075031,8303.68999997,429.87644671
1559292600,8284.40000001,8310.99999988,8284.40000001,8310.98999987,16930.52105417
1559292900,8292.89999996,8292.89999996,8284.36541608,8287.55868833,17608.78124507
1559293200,8301.99999985,8301.99999985,8294.11632015,8300.0,464.99188861
1559293500,8302.0,8302.0,8291.19332707,8291.19332707,854.09633292
1559293800,8313.67106276,8320.50000084,8310.99999999,8310.99999999,5001.29250372
1559294100,8319.7374471,8330.11506561,8310.99999998,8319.70000002,11440.37517874
1559294400,8311.92239876,8318.67019483,8310.99999998,8314.09091936,5177.61570172
1559294700,8327.17235847,8329.77552142,8311.92239876,8311.92239876,754.08706558
1559295000,8333.76922335,8335.0,8329.75832966,8331.1791179,263.7562183
1559295300,8335.0,8335.0,8333.40255585,8333.63903247,1365.71645615
1559295600,8320.34136665,8335.0,8320.34136665,8334.90255622,23883.69780427
1559295900,8336.47566163,8336.48915971,8320.35136694,8325.0,16410.82764168
1559296200,8328.54845208,8334.80547289,8326.21931845,8334.80547289,1222.15276145
1559296500,8321.01000044,8326.21931846,8321.01000044,8326.21931846,428.62546548
1559296800,8320.56174992,8321.01000042,8314.76684539,8321.01000042,147.80564051
1559297100,8315.04000503,8321.01000044,8315.04000503,8321.01000044,6472.0367598
1559297400,8349.99999999,8349.99999999,8315.04000652,8315.04000652,482.12205375
1559297700,8350.0,8350.0,8344.74736361,8349.99999999,2218.74617532
1559298000,8344.74736361,8350.0,8344.74736361,8350.0,3390.13475942
1559298300,8339.66405022,8344.24135064,8338.40363926,8344.24135064,123.07921503
1559298600,8339.99999996,8340.0,8316.71000041,8335.14978731,4847.91247854
1559298900,8350.0,8350.0,8328.90000041,8339.99999996,11209.38383983
1559299200,8340.07000205,8350.0,8340.0300005,8350.0,7848.77189802
1559299500,8318.30000007,8344.0568873,8318.30000007,8344.0568873,2560.84313005
1559299800,8300.00000006,8319.07699478,8300.00000006,8319.07699478,1570.70918481
1559300100,8310.12147699,8310.12147701,8291.3577743,8300.00000001,48517.49718405
1559300400,8280.98916952,8305.62119418,8280.98916952,8305.62119418,12335.29972903
1559300700,8270.0,8280.74825678,8270.0,8280.74825678,3613.94126899
1559301000,8276.90000057,8287.94064835,8267.2040563,8271.54242372,5960.64528068
1559301300,8283.88816914,8283.88816914,8234.9,8271.831117,99780.0187799
1559301600,8290.29325244,8295.06373941,8287.89050598,8295.06373941,5598.15578627
1559301900,8281.34082285,8294.24453957,8271.54242372,8290.29325243,18280.10633082
1559302200,8272.05316302,8277.07177915,8257.41091601,8277.07177915,1149.40672074
1559302500,8271.59721042,8271.59721042,8252.7500001,8271.59721041,8136.75973527
1559302800,8274.79999997,8277.0,8274.79999997,8277.0,1437.40708213
1559303100,8250.54766775,8277.07177914,8246.79999997,8274.79999997,49372.57586765
1559303400,8253.77122765,8263.66321732,8245.31394945,8255.3522841,18115.68856592
1559303700,8287.63903998,8287.63903998,8262.57249436,8262.57249436,10245.35362909
1559304000,8287.0,8287.63903954,8263.08268852,8263.08268852,7492.38243775
1559304300,8287.00903953,8287.00903953,8276.7639935,8276.7639935,3486.91159465
1559304600,8302.3490467,8305.99999999,8289.24261714,8289.24261715,11639.34056713
1559304900,8285.95789154,8294.69511521,8285.95789154,8294.69511521,2558.67663961
